frame,english,gemini_swedish
Change_event_time,Our information is that Mr Evans left the Club in order to go and see [Cause what]was [Target delaying][Event the arrival of his wife]whom he had been expecting for some time .,Vår information är att Herr Evans lämnade klubben för att åka och se [Cause vad] som [Target fördröjde] [Event hans frus ankomst] som han hade väntat på en tid.
Change_event_time,"Knowing what he would find when he went there , and knowing that it would pain him , [Agent Edouard][Target delayed][Event the moment when he would make a formal inspection of the house]. ","Viss om vad han skulle finna när han kom dit, och viss om att det skulle smärta honom, [Agent Edouard][Target sköt upp][Event ögonblicket då han skulle genomföra en formell besiktning av huset]."
Change_event_time,"[Agent She]reached for the glass , [Target delaying][Event the moment when she 'd have to answer], unsure even how to answer . ","[Agent Hon]sträckte sig efter glaset, [Target fördröjande][Event ögonblicket då hon skulle behöva svara], osäker på hur hon ens skulle svara."
Change_event_time,It would seem reasonable to call a drug an analgesic for a rat if [Cause it][Target delays][Event the time when the rat licks its feet when parked on a hot plate].,Det skulle verka rimligt att kalla ett läkemedel ett smärtstillande medel för en råtta om [Cause det][Target fördröjer][Event tiden när råttan slickar sina tassar när den står på en varm platta].
Change_event_time,Was [Event autumn][Degree further][Target delayed][Explanation to allow six party conferences one after the other]?,Var [Event hösten][Degree ytterligare][Target försenades][Explanation för att möjliggöra sex partikonferenser efter varandra]?
Change_event_time,"The problem came to light when [Event an ambulance]was [Target delayed][Event attending an emergency at Harwood-in-Teesdale], just before Christmas . ","Problemet uppdagades när [Event en ambulans] blev [Target fördröjd] [Event när den skulle rycka ut till en nödsituation i Harwood-in-Teesdale], strax före jul."
Change_event_time,[Agent Owner-occupiers]tend to [Target delay][Event childbearing]because they face heavy housing costs at the beginning of their marriage .,[Agent Bostadsrättsinnehavare] tenderar att [Target fördröja][Event barnafödande] eftersom de står inför tunga boendekostnader i början av sitt äktenskap.
Change_event_time,"Eventually the time came when [Agent she]could n't [Target delay][Event going downstairs]any longer , and when she reached the kitchen she discovered that the visitor had left , and that Silas was examining the contents of the fridge . ","Till slut kom tiden då [Agent hon] kunde inte [Target skjuta upp] [Event att gå ner] längre, och när hon kom ner i köket upptäckte hon att besökaren hade gått, och att Silas undersökte innehållet i kylen."
Change_event_time,[Agent Bradford Northern coach Peter Fox]has [Target delayed][Event naming his side for tomorrow 's Trophy quarter-final against Widnes]but Great Britain scrum-half Deryck Fox is definitely out .,[Agent Bradford Northerns tränare Peter Fox] har [Target skjutit upp][Event namngivningen av sitt lag inför morgondagens Trophy-kvartsfinal mot Widnes] men Storbritanniens scrum-half Deryck Fox är definitivt ute.
Change_event_time,RUGBY UNION : [Agent Scotland]have [Target delayed][Event naming their team for Saturday 's international against world champions Australia]amid continuing doubts over the fitness of full back Gavin Hastings .,RUGBY UNION : [Agent Skottland] har [Target försenat][Event laguttagningen inför lördagens landskamp mot världsmästarna Australien] mitt i fortsatta tvivel om fullbacken Gavin Hastingss form.
Change_event_time,Do not [Target delay][Event requesting veterinary attention for any young foal which is not sucking and has diarrhoea].,Undvik att [Target fördröja] [Event att söka veterinärvård för något ungt föl som inte diar och har diarré].
Change_event_time,"[Agent I][Target delayed][Event switching the computer off]while I racked my brain trying to think of some way of saving them , but there was none . ","[Agent jag][Target dröjde][Event att stänga av datorn] medan jag slet mitt hår för att komma på något sätt att rädda dem, men det fanns inget."
Change_event_time,"At their meeting in either 1749 or 1750 , Christopher Smart accepted this task from Richardson ; however , [Agent he][Target delayed][Event writing the piece which was to be printed in the volume]. ","Vid deras möte antingen 1749 eller 1750, accepterade Christopher Smart denna uppgift från Richardson; dock, [Agent han][Target fördröjde][Event att skriva stycket som skulle tryckas i volymen]."
Change_event_time,"[Agent She]rattled on breathlessly , perhaps encouraged , Dexter thought , by a desire to [Target delay][Event Blanche coming to the point of the meeting]. ","[Agent Hon]rabblade på andlöst, kanske uppmuntrad, tänkte Dexter, av en önskan att [Target fördröja][Event att Blanche kom till saken]."
Change_event_time,[Agent Corporate lawyers]managed to [Target delay][Event the case coming to court][Interval for two years]and then they prolonged the proceedings for a further two years .,[Agent Företagsjuristerna] lyckades [Target fördröja] [Event att fallet kom upp i rätten] [Interval med två år] och sedan förlängde de processen med ytterligare två år.
Change_event_time,[Cause The crisis over aid to eastern Bosnia]has [Target delayed][Event the peace negotiations taking place at the United Nations].,[Cause Krisen kring biståndet till östra Bosnien]har [Target försenat][Event fredsförhandlingarna som äger rum i Förenta nationerna].
Change_event_time,[Agent A HOME OFFICE minister]yesterday intervened at the last minute to [Target delay][Event a Kurdish refugee being flown back to Turkey].,"ERROR: 503 UNAVAILABLE. {'error': {'code': 503, 'message': 'This model is currently experiencing high demand. Spikes in demand are usually temporary. Please try again later.', 'status': 'UNAVAILABLE'}}"
Change_event_time,So [Agent he]was [Target delaying][Event beginning to play].,Så [Agent han][Target fördröjde][Event att börja spela].
Change_event_time,But the government front bench denied opposition claims that [Agent they]'d [Manner deliberately][Target delayed][Event the decision]to boost Tory support on the eve of the Party Conference .,Men regeringsbänken förnekade oppositionens påståenden att [Agent de hade] [Manner avsiktligt] [Target försenat] [Event beslutet] för att stärka Tory-stödet inför partikonferensen.
Change_event_time,"Consequently , [Agent field social workers][Target delayed][Event the decision to admit young people to care], and , subsequently , were forced to do so when events had overtaken them . ",ERROR: 'NoneType' object has no attribute 'strip'
Change_event_time,[Agent Glaxo]has since [Target delayed][Event the launch][Destination_event to await product approvals]but it 's a massive project and will take out rigid packaging business forward very quickly when it comes on stream -- probably late this year .,[Agent Glaxo] har sedan [Target försenat][Event lanseringen][Destination_event i avvaktan på produktgodkännanden] men det är ett massivt projekt och kommer att föra vår verksamhet med styva förpackningar framåt mycket snabbt när det tas i drift -- förmodligen sent i år.
Change_event_time,Race officials claim [Event the start of the run]had been [Target delayed][Interval 20 minutes][Explanation to avoid the train]but the race was running 10 minutes ahead of schedule .,Tävlingsfunktionärer hävdar att [Event löpstarten]hade blivit [Target försenad][Interval 20 minuter][Explanation för att undvika tåget]men loppet låg 10 minuter före tidsschemat.
Change_event_time,"[Cause The new discovery , of weakness in welded joints], may [Target delay][Event plans to reopen the plant 's two reactors]. ","[Cause Den nya upptäckten, av svaghet i svetsade fogar], kan [Target fördröja][Event planerna att återöppna anläggningens två reaktorer]."
Change_event_time,[Agent SALVAGE specialists]were forced yesterday to [Target delay][Event plans to refloat the Danish cargo ship aground on an island in the Pentland Firth].,[Agent Bärgningsspecialister]tvingades igår att [Target fördröja][Event planerna att bärga det danska lastfartyget som gått på grund på en ö i Pentland Firth].
Change_event_time,"Researchers at NASA claim that even if the sulphur effect does exist , [Cause it]could at most only [Target delay][Event the greenhouse effect][Destination_event until fossil fuels run out]. ","Forskare vid NASA hävdar att även om svaveleffekten existerar, [Cause den] skulle som mest bara kunna [Target försena] [Event växthuseffekten] [Destination_event tills fossila bränslen tar slut]."
Change_event_time,"[Agent They]were , however , encouraged to [Target delay][Event their accident estimate][Destination_event until they had thought specifically about how busy the junction would normally be and how it might appear in other conditions]. ",[Agent De] uppmuntrades dock att [Target skjuta upp][Event sin olycksuppskattning][Destination_event tills de specifikt hade tänkt på hur trafikerad korsningen normalt skulle vara och hur den kunde framstå under andra förhållanden].
Change_event_time,SOUTH AFRICA 'S National Party government and the African National Congress agreed yesterday on [Cause a course][Cause that]could [Target delay][Event majority black government][Destination_time until the end of the century].,Sydafrikas Nationalistpartiets regering och Afrikanska nationalkongressen kom igår överens om [Cause en kurs][Cause som]skulle kunna [Target fördröja][Event en regering med svart majoritet][Destination_time fram till slutet av århundradet].
Change_event_time,[Cause The problem]has [Target delayed][Event the second phase][Interval by 18 months].,[Cause Problemet] har [Target försenat] [Event den andra fasen] [Interval med 18 månader].
Change_event_time,Hurworth dentist Simon Allum said : ` Despite [Agent the Government][Target delaying][Event the decision][Interval by a month]we still have not been answered .,Hurworth tandläkare Simon Allum sade : ` Trots att [Agent regeringen] [Target sköt upp] [Event beslutet] [Interval med en månad] har vi fortfarande inte fått svar .
Change_event_time,The first one was to the house in Colchester to ask if they 'd mind if [Agent I][Target delayed][Event my arrival][Interval by one more day].,Den första var till huset i Colchester för att fråga om de skulle ha något emot om [Agent jag][Target försenade][Event min ankomst][Interval med ytterligare en dag].
Change_event_time,"[Agent He][Target delayed][Event the trip][Interval by two days], arrived in London on 8 June , and went into a series of meetings with the Commons committee , Sir Geoffrey , Mrs Thatcher and the Press . ","[Agent Han][Target försenade][Event resan][Interval med två dagar], anlände till London den 8 juni, och inledde en serie möten med Underhuskommittén, Sir Geoffrey, fru Thatcher och pressen."
Change_event_time,For the first time in their history [Agent the Tuareg -- the largest tribe of Nomads in the Sahara Desert]-- recently [Target delayed][Event their annual migration][Interval for 10 days]so as to catch the final episode of Dallas,För första gången i deras historia [Agent tuaregerna – den största nomadstammen i Saharaöknen] – nyligen [Target sköt upp][Event sin årliga migration][Interval med 10 dagar] för att se det sista avsnittet av Dallas
Change_event_time,"A commonly held view is that [Agent he][Target delayed][Event withdrawal][Explanation for political reasons], until after the presidential elections of December 1965 . ","En allmänt spridd uppfattning är att [Agent han][Target fördröjde][Event tillbakadragandet][Explanation av politiska skäl], fram till efter presidentvalet i december 1965 ."
Change_event_time,Or maybe that is an apocryphal story and [Agent she]thought about [Target delaying][Event the journey][Interval for twenty-four hours]because she had a hair appointment .,Eller kanske det är en apokryfisk historia och [Agent hon] funderade på [Target att försena][Event resan][Interval med tjugofyra timmar] eftersom hon hade en frisörtid.
Change_event_time,Paul Reichmann asked [Agent me]to [Target delay][Event everything][Interval for two months]and I agreed .,Paul Reichmann bad [Agent mig] att [Target skjuta upp][Event allt][Interval i två månader] och jag gick med på det.
Change_event_time,[Agent Many women]have been [Target delaying][Event births][Interval for years].,[Agent Många kvinnor]har [Target skjutit upp][Event barnafödande][Interval i flera år].
Change_event_time,"It must be sensible to [Target delay][Event breeding][Destination_event until the mare has had a chance to prove herself as a sound , willing ride]. ",Det måste vara förnuftigt att [Target fördröja][Event aveln][Destination_event tills stoet har fått en chans att bevisa sig som en sund och ridvillig häst].
Change_event_time,[Agent We]could have [Target delayed][Event the trial][Destination_event until the tax business was settled].,[Agent Vi] skulle ha [Target skjutit upp][Event rättegången][Destination_event tills skatteärendet var avgjort].
Change_event_time,One bonus of [Target delaying][Event an election][Destination_time until 1992]would be that Mr Major could use a summer reshuffle to continue reshaping the government he inherited from Mrs Thatcher .,En bonus med [Target att skjuta upp][Event ett val][Destination_time fram till 1992] skulle vara att Herr Major skulle kunna använda en sommarombildning för att fortsätta omforma regeringen han ärvde från fru Thatcher.
Change_event_time,The Swedish government announced in mid-January that [Agent it]would [Target delay][Event a promised phase-out of nuclear power][Destination_event until alternative energy sources became viable].,Den svenska regeringen meddelade i mitten av januari att [Agent den] skulle [Target skjuta upp] [Event en utlovad avveckling av kärnkraften] [Destination_event tills alternativa energikällor blev livskraftiga].
Change_event_time,Deeper hard pans require more drastic operations such as double digging ; in established gardens [Agent you]may prefer to [Target delay][Event the upheaval][Destination_event until each area affected is due for renewal and replanting].,Deeper hard pans kräver mer drastiska åtgärder såsom dubbelgrävning; i etablerade trädgårdar [Agent du] kanske föredrar att [Target skjuta upp][Event omvälvningen][Destination_event tills varje drabbat område ska förnyas och omplanteras].
Change_event_time,"[Agent Huy]had [Target delayed][Event telling Merymose about Surere], waiting for the right moment to come . ","[Agent Huy] hade [Target fördröjt][Event att berätta för Merymose om Surere], väntandes på att det rätta ögonblicket skulle komma."
Change_event_time,But [Event the experiment]was [Target delayed][Interval a day][Explanation because of the strike].,Men [Event experimentet] var [Target försenat] [Interval en dag] [Explanation på grund av strejken].
Change_event_time,"[Cause The incident][Target delayed][Event the Wardair Airbus on its flight to Toronto][Interval by three hours 11 minutes]and she asked for compensation of more than £1,500 . ",[Cause Händelsen][Target försenade][Event Wardair-Airbusen på sin flygning till Toronto][Interval med tre timmar elva minuter]och hon begärde ersättning på mer än 1 500 pund.
Change_event_time,"Friends of the Earth urged [Agent the government]to [Target delay][Event any decision on Thorp][Destination_event until after the advisory committee completes its review of radioactive waste disposal for the next 20 years], which is expected next year . ","Jordens Vänner uppmanade [Agent regeringen] att [Target skjuta upp][Event något beslut om Thorp][Destination_event tills efter att den rådgivande kommittén slutför sin granskning av deponering av radioaktivt avfall för de kommande 20 åren], vilket förväntas nästa år."
Change_event_time,"[Agent Security forces][Target delayed][Interval 50 hours][Event before searching the region], allowing the murderers to escape the net . ","[Agent Säkerhetsstyrkor][Target fördröjde][Interval 50 timmar][Event innan man genomsökte regionen], vilket gjorde det möjligt för mördarna att undkomma nätet."
Change_event_time,"Similarly , [Cause stock shortages][Target delay][Event deliveries , hold up contracts , lose customers and cause money problems]. ","På samma sätt, [Cause lagerbrist][Target försenar][Event leveranser, fördröjer kontrakt, leder till kundförluster och orsakar ekonomiska problem]."
Change_event_time,That 's why [Agent I][Target delayed][Event coming home].,Det är därför [Agent jag][Target försenade][Event hemkomsten].
Change_event_time,"In Zambia , [Cause such procedures]have [Target delayed][Event the purchase of essential new equipment]. ","I Zambia, [Cause sådana förfaranden] har [Target försenat][Event inköpet av nödvändig ny utrustning]."
Change_event_time,"[Cause Concealing the body]might have [Target delayed][Event the scheme], but not aborted it . ","[Cause Att dölja kroppen] kan ha [Target försenat][Event planen], men inte avbrutit den."
Change_event_time,“ [Agent I]'m going to [Target delay][Event them]. ”,[Agent Jag] ska [Target fördröja][Event dem].
Change_event_time,[Agent I]have been [Target delaying][Event you].,[Agent Jag]har [Target fördröjt][Event dig].
Change_event_time,Who will pay compensation if [Event one operators ' trains]are [Target delayed][Cause by a breakdown of a train by another operator]?,Vem kommer att betala ersättning om [Event en operatörs tåg] är [Target försenade] [Cause på grund av ett tåghaveri hos en annan operatör]?
Change_event_time,Traffic disruption and a shortage of change at the turnstiles saw [Event the kick-off][Target delayed][Interval by 15 minutes].,Trafikstörningar och brist på växelpengar vid vändkorsen ledde till att [Event avsparken][Target försenades][Interval med 15 minuter].
Change_event_time,"[Cause Further studies]were [Target delaying][Interval by two years][Event measures to save Lake Ichkeul in Tunisia], which was in danger of being reduced to a salty lagoon after the damming in the 1970s of the six rivers feeding it . ","[Cause Ytterligare studier] var [Target fördröjningen][Interval med två år][Event av åtgärder för att rädda sjön Ichkeul i Tunisien], som riskerade att reduceras till en salt lagun efter uppdämningen på 1970-talet av de sex floder som matade den."
Change_event_time,"The Coronations were launched by an ever-publicity-conscious Luff , shortly before [Event his retirement], [Event which][Agent he][Target delayed][Destination_time until 1954]. ","Coronation-serien lanserades av en ständigt publicitetssökande Luff, strax före [Event hans pensionering], [Event vilken][Agent han][Target fördröjde][Destination_time fram till 1954]."
Change_event_time,"` Saturday 's situation appears to have been caused because [Agent people][Target delayed][Event before going out into the rain]. "" ",Lördagens situation verkar ha orsakats eftersom [Agent folk][Target dröjde][Event innan de gick ut i regnet].
Change_event_time,"Maybe if [Agent he]could [Target delay][Interval a little longer], Springfield would discover his sweep had failed to capture the ringleader and send men in to flush him out . ","Kanske om [Agent han] kunde [Target dröja][Interval lite längre], skulle Springfield upptäcka att hans razzia hade misslyckats med att fånga ligaledaren och skicka in män för att driva ut honom."
Change_event_time,"Some fear that if [Agent Mr Mieno][Target delays][Interval much longer], he risks overkill . ","Vissa fruktar att om [Agent Herr Mieno][Target dröjer][Interval mycket längre], riskerar han att skjuta över målet."
Change_event_time,"Consequently , he wants [Agent the Government]to [Target delay][Interval no longer], but to begin to devolve real responsibility to the people of Northern Ireland . ","Följaktligen vill han att [Agent regeringen] [Target fördröjer] [Interval inte längre], utan att börja överlåta verkligt ansvar till folket på Nordirland."
Change_event_time,He sent an army under Counts Hugh and Matfrid to help Bernard ; but [Agent the two commanders][Target delayed][Interval so long]en route [Interval that Muslim troops were able to ravage the county of Barcelona].,Han sände en armé under grevarna Hugo och Matfrid för att hjälpa Bernard; men [Agent de båda befälhavarna][Target dröjde][Interval så länge] på vägen [Interval att muslimska trupper kunde härja grevskapet Barcelona].
Change_event_time,"But she discovered [Agent she]had [Target delayed][Interval too long], for as she reached the hall , there before her , and as cool as you like , was Naylor . ","Men hon upptäckte [Agent hon]hade [Target dröjt][Interval för länge], ty när hon nådde hallen, där framför henne, och så oberörd som man bara kan vara, stod Naylor."
Change_event_time,[Cause US concerns about Iranian nuclear ambitions]are currently [Target delaying][Event the granting of IAEA fellowships to Iranian nationals].,[Cause USA:s oro över iranska kärnvapenambitioner] för närvarande [Target försenar][Event beviljandet av IAEA-stipendier till iranska medborgare].
Change_event_time,"The United States was dissatisfied with the postponement of safeguards inspections to verify Pyongyang 's past activities , and North Korea was dissatisfied with the [Target delayed][Event construction of the light water power reactors].","Förenta staterna var missnöjda med uppskjutandet av säkerhetsinspektioner för att verifiera Pyongyǎngs tidigare aktiviteter, och Nordkorea var missnöjda med det [Target fördröjda][Event byggandet av lättvattenreaktorerna]."
Change_event_time,"Republican Senator John Cornyn , who leads the India Caucus in the US Senate along with Democratic Senator Hillary Clinton , Friday took the floor to answer [Agent Byron Dorgan , a critic of the deal][Agent who]has vowed to do all to [Target delay]if not stop [Event it].","Republikanske senatorn John Cornyn, som leder Indiakommittén i den amerikanska senaten tillsammans med den demokratiska senatorn Hillary Clinton, intog i fredags talarstolen för att svara [Agent Byron Dorgan, en kritiker av avtalet][Agent som] har lovat att göra allt för att [Target fördröja] om inte stoppa [Event det]."
Change_event_time,Britain doubted whether [Agent the UN]could do more than to [Target postpone][Event the day when Soviet domination over Korea was established].,Storbritannien tvivlade på om [Agent FN] kunde göra mer än att [Target skjuta upp][Event dagen då sovjetiskt herravälde över Korea etablerades].
Change_event_time,"[Cause Permitting new supplies], as is suggested in paragraph 55 of draft MPG6 , only [Target postpones][Event the day when such a prospect has to be faced]. ","[Cause Att tillåta nya leveranser], som föreslås i punkt 55 i utkastet till MPG6, endast [Target skjuter upp][Event dagen då en sådan framtidsutsikt måste mötas]."
Change_event_time,"[Agent The Rolling Stones , George Harrison , Bob Dylan and Rod Stewart]are still strutting and fretting away , [Target postponing][Event the time when they are heard no more]. ","[Agent The Rolling Stones, George Harrison, Bob Dylan och Rod Stewart] håller fortfarande låda, [Target och skjuter upp][Event tiden då de inte längre hörs]."
Change_event_time,It is impossible to [Target postpone][Event childbearing]indefinitely without children being cancelled altogether .,Det är omöjligt att [Target skjuta upp][Event barnafödande] i det oändliga utan att barn helt uteblir.
Change_event_time,"[Agent He][Target postponed][Event implementing a scheme]until more groups , including industry and business , were consulted . ","[Agent Han][Target sköt upp][Event att genomföra en plan] tills fler grupper, inklusive industri och näringsliv, hade konsulterats."
Change_event_time,[Agent The judge][Target postponed][Event sentencing][Destination_event for pyschiatric reports]but warned the normal punishment for attempted robbery was at least 7 years in prison .,[Agent Domaren][Target sköt upp][Event domen][Destination_event för att invänta psykiatriska rapporter]men varnade att det normala straffet för försök till rån var minst sju års fängelse.
Change_event_time,"[Agent The Mexican government]has [Target postponed][Event plans to construct a hydro-electric dam on the Rio Usumancinta , near the border with Guatemala]. ","[Agent Den mexikanska regeringen] har [Target skjutit upp][Event planer på att bygga en vattenkraftsdamm vid floden Usumacinta, nära gränsen till Guatemala]."
Change_event_time,There was also concern among US officials that the funding would encourage [Agent Israel]to continue to [Target postpone][Event steps to liberalize the economy].,Det fanns också en oro bland amerikanska tjänstemän att finansieringen skulle uppmuntra [Agent Israel] att fortsätta att [Target skjuta upp] [Event åtgärder för att liberalisera ekonomin].
Change_event_time,"With an election looming on June 6th , [Agent the Socialist government]had every reason to [Target postpone][Event the embarrassment of a third successive devaluation]. ","Med ett val som närmade sig den 6 juni, [Agent den socialistiska regeringen]hade all anledning att [Target skjuta upp][Event förödmjukelsen av en tredje devalvering i rad]."
Change_event_time,"[Agent The banks]also agreed to [Target postpone][Event amortization payments due between 1991 and 1994], a measure calculated to save Chile approximately $1,800 million annually over the following four years . ","[Agent Bankerna] också enades om att [Target uppskjuta][Event amorteringsbetalningar som förföll till betalning mellan 1991 och 1994], en åtgärd beräknad att spara Chile cirka 1 800 miljoner dollar årligen under de följande fyra åren."
Change_event_time,"[Agent Television]had [Target postponed][Event Manchester United 's scheduled visit to Anfield]so it could be shown live on 22 December , the longest night . ","[Agent Televisionen] hade [Target skjutit upp] [Event Manchester Uniteds schemalagda besök till Anfield] så att det kunde visas live den 22 december, den längsta natten."
Change_event_time,"It does not seem , in general , valuable to [Target postpone][Event death][Interval by a few hours]at enormous cost . ","Det verkar inte, generellt sett, värdefullt att [Target fördröja][Event döden][Interval med några timmar]till en enorm kostnad."
Change_event_time,"As things are , I 'd like [Agent you]to [Target postpone][Event your leave][Interval for a bit]. "" ","Som det är nu, skulle jag vilja [Agent dig] att [Target skjuta upp] [Event din ledighet] [Interval en liten stund]."""
Change_event_time,[Agent The mother][Target postponed][Event her second marriage][Interval for six months]to give time to sort out the new relationships .,[Agent Modern][Target sköt upp][Event sitt andra äktenskap][Interval i sex månader] för att ge tid att reda ut de nya relationerna.
Change_event_time,"When [Agent the Soviet parliament]invoked emergency laws to [Target postpone][Event the strike][Interval for two months], the union refused to call it off -- in effect , daring the government to end it by force . ","När [Agent det sovjetiska parlamentet]åberopade undantagslagar för att [Target skjuta upp][Event strejken][Interval i två månader], vägrade fackföreningen att avblåsa den -- och utmanade därmed regeringen att avsluta den med våld."
Change_event_time,"[Agent Tripoli][Target postponed][Event the elections][Destination_time until February]; Ajdabiyans confidently expected them on 1 February , and after that day the chairman of the local Assembly telephoned Tripoli each afternoon to ask if he should hold the poll . ","[Agent Tripoli][Target uppsköt][Event valen][Destination_time till februari]; Ajdabiyerna förväntade sig dem med tillförsikt den 1 februari, och efter den dagen ringde ordföranden för den lokala församlingen till Tripoli varje eftermiddag för att fråga om han skulle hålla omröstningen."
Change_event_time,The Law Society has urged [Agent the Government]to [Target postpone][Event the changes in civil legal aid][Interval for one year]because it believes the rise in spending on it is a temporary blip .,Advokatsamfundet har uppmanat [Agent regeringen] att [Target skjuta upp] [Event ändringarna inom den civila rättshjälpen] [Interval med ett år] eftersom man anser att ökningen av utgifterna för den är en tillfällig uppgång.
Change_event_time,"He plans to go ahead with [Event his wedding], [Event which]was [Target postponed]last Wednesday , on his return to Sarajevo . ","Han planerar att fullfölja [Event sitt bröllop], [Event vilket]var [Target framskjutet]i onsdags, vid sin återkomst till Sarajevo."
Change_event_time,"Originally scheduled for late May , [Event the conference]was [Target postponed][Agent by the government][Destination_time to July 15]. ","Ursprungligen planerad till slutet av maj, [Event konferensen] [Target sköts upp] [Agent av regeringen] [Destination_time till den 15 juli]."
Change_event_time,"However , [Event the trial]has been [Target postponed][Interval indefinitely]. ","Dock, [Event rättegången] har [Target skjutits upp] [Interval på obestämd tid]."
Change_event_time,[Event The presentation of the 1991/92 budget]had been [Target postponed][Landmark_time from February 1991]under Congress ( I ) pressure because of the approaching general election [ see p. 38006 ] .,[Event Presentationen av budgeten för 1991/92] hade blivit [Target uppskjuten][Landmark_time från februari 1991] under tryck från kongressen (I) på grund av det förestående parlamentsvalet [ se s. 38006 ].
Change_event_time,[Event The freeing of oil prices]was [Target postponed][Destination_time until June][Landmark_time from the target date of April 1].,[Event Frisläppandet av oljepriserna] [Target sköts upp] [Destination_time till juni] [Landmark_time från måldatumet den 1 april].
Change_event_time,The danger is that [Agent prospective purchasers]will [Target postpone][Event spending money][Destination_event until they have finished upgrading to Windows].,Faran är att [Agent blivande köpare] kommer att [Target dröja med] [Event att spendera pengar] [Destination_event tills de är klara med uppgraderingen till Windows].
Change_event_time,"[Agent John Scott Morgan], author and a member of the Society , had to [Target postpone][Event the talk originally arranged for October 1992]. ","[Agent John Scott Morgan], författare och medlem i Sällskapet, var tvungen att [Target skjuta upp][Event det föredrag som ursprungligen var planerat till oktober 1992]."
Change_event_time,"[Event The visit], [Target postponed][Landmark_time from September], included an address by Yeltsin to the South Korean National Assembly on Nov. 19 . ","[Event Besöket], [Target uppskjutet][Landmark_time från september], innehöll ett tal av Jeltsin till den sydkoreanska nationalförsamlingen den 19 november."
Change_event_time,"[Agent The Presidents of Russia and Lithuania][Target postponed][Destination_time until October][Event the actual signature of a treaty on troop withdrawal], due to "" technical "" difficulties . ","[Agent Rysslands och Litauens presidenter][Target sköt upp][Destination_time till oktober][Event det faktiska undertecknandet av ett avtal om trupptillbakadragande], på grund av ""tekniska"" svårigheter."
Change_event_time,"His wife Val contributes a postscript in which she reveals , rather wanly , that she is still looking forward to her [Event honeymoon], [Target postponed]because of a rugby match . ","ERROR: 503 UNAVAILABLE. {'error': {'code': 503, 'message': 'This model is currently experiencing high demand. Spikes in demand are usually temporary. Please try again later.', 'status': 'UNAVAILABLE'}}"
Change_event_time,"We can stay much as we are , in the same old muddle , with [Event difficult decisions][Target postponed]. ","Vi kan förbli i stort sett som vi är, i samma gamla röra, med [Event svåra beslut][Target uppskjutna]."
Change_event_time,"[Agent You]avoid , [Target postpone], or hide [Event the conflict that you fear]. ","[Agent du]undviker , [Target skjuter upp], eller gömmer [Event konflikten som du fruktar]."
Change_event_time,"Specifically , [Agent Iran]was rebuked for [Target postponing][Event IAEA visits to a number of locations related to Iran 's P - 2 centrifuge enrichment program , which had been scheduled to take place in March 2004].","Närmare bestämt, [Agent Iran]kritiserades för [Target uppskjutandet av][Event IAEA-besök till ett antal platser relaterade till Irans P-2 centrifugberikningsprogram, som hade planerats äga rum i mars 2004]."
Change_event_time,I was to see that the doors were open and the signal of a green or white light in a window which faced the drive was to give notice if all was safe or if [Event the attempt]had better be [Target postponed].,Jag skulle se till att dörrarna var öppna och signalen av ett grönt eller vitt ljus i ett fönster som vette mot uppfarten skulle ge besked om allt var säkert eller om [Event försöket] hellre borde [Target skjutas upp].
Change_event_time,"These goods are also expensive , so [Agent people][Target defer][Event buying them]when they are hard-up . ","Dessa varor är också dyra, så [Agent folk][Target skjuter upp][Event att köpa dem] när de har det knapert."
Change_event_time,"Sandford , however , urged [Agent us]to [Target defer][Event going down there][Interval for at least two months]: the rains had only recently ended and after the rains a virulent type of malaria was prevalent in the Awash valley . ",Sandford uppmanade dock [Agent oss] att [Target uppskjuta] [Event att åka dit ner] [Interval i minst två månader]: regnen hade nyss upphört och efter regnen var en virulent typ av malaria utbredd i Awashdalen.
Change_event_time,Eventually [Agent the committee]agreed to [Target defer][Event a decision to see if the school could team up with neighbouring villages to boost numbers].,Slutligen [Agent kommittén]enades om att [Target bordlägga][Event ett beslut för att se om skolan kunde samarbeta med grannbyar för att öka elevantalet].
Change_event_time,He said opponents hoped [Agent the council]would either reverse or [Target defer][Event their decision to close Hustledown House].,Han sade att motståndare hoppades [Agent kommunfullmäktige] skulle antingen upphäva eller [Target skjuta upp] [Event deras beslut att stänga Hustledown House].
Change_event_time,[Agent Barnett]wanted to [Target defer][Event the building of a new British Library next to St Pancras Station].,[Agent Agent Barnett] ville [Target skjuta upp] [Event byggandet av ett nytt brittiskt bibliotek bredvid St Pancras Station].
Change_event_time,[Agent The Court of Appeal][Target deferred][Event the possession order][Interval for three months].,[Agent Hovrätten][Target sköt upp][Event besittningsbeslutet][Interval i tre månader].
Change_event_time,"After a series of discussions , [Agent LASMO North Sea and its partners]have decided to [Target defer][Event the development of the Columba field]. ","Efter en rad diskussioner, [Agent LASMO Nordsjön och dess partners] har beslutat att [Target skjuta upp] [Event utvecklingen av Columba-fältet]."
Change_event_time,In return for the council taking proceedings against the company [Agent the residents][Target deferred][Event their own legal action]and allowed the dump to re-open .,I utbyte mot att kommunen drev process mot företaget [Agent de boende][Target sköt upp][Event sin egen rättsliga åtgärd] och tillät tippen att öppna igen.
Change_event_time,"Well , [Agent we][Target deferred][Event many difficult decisions], and this was just one of them . "" ","Nå, [Agent vi][Target sköt upp][Event många svåra beslut], och detta var bara ett av dem."
Change_event_time,[Agent The planning committee]decided on Monday evening to [Target defer][Event its decision about the application][Destination_event until after that meeting].,[Agent Planeringskommittén] beslutade på måndag kväll att [Target bordlägga] [Event sitt beslut angående ansökan] [Destination_event till efter det mötet].
Change_event_time,"Within each there are many honours degree specialisations , and , although courses become progressively more specialised , [Agent students][Target defer][Event a final choice about their ultimate subject of study][Destination_event until the end of their third year]. ","Inom varje finns det många specialiseringar för kandidatexamen med utmärkelse, och, även om kurserna blir successivt mer specialiserade, [Agent studenter][Target skjuter upp][Event ett slutgiltigt val om sitt huvudsakliga studieämne][Destination_event till slutet av sitt tredje år]."
Change_event_time,"Scheherezade begins the long series of tales that constitute The Arabian Nights , so successfully stimulating the King 's curiosity to hear more that [Agent he]constantly [Target defers][Event the order for her execution]. ","Scheherezade börjar den långa serien av berättelser som utgör Tusen och en natt, så framgångsrikt stimulerar kungens nyfikenhet att höra mer att [Agent han] ständigt [Target skjuter upp][Event ordern om hennes avrättning]."
Change_event_time,In the end [Agent we]compromised and [Target deferred][Event the issue][Destination_event for later discussion between us].,Till slut [Agent vi] kompromissade och [Target sköt upp] [Event frågan] [Destination_event för senare diskussion mellan oss].
Change_event_time,[Agent Judge William Hannah][Target deferred][Event sentence][Interval for six months].,[Agent Domare William Hannah][Target sköt upp][Event straffet][Interval i sex månader].
Change_event_time,"For these reasons , [Agent the Council]has decided to [Target defer][Event the matter][Interval for three years]. ",Av dessa skäl [Agent rådet] har beslutat att [Target bordlägga] [Event ärendet] [Interval i tre år].
Change_event_time,"[Agent The committee][Target deferred][Event a decision on the application], and the matter will be further considered at a later date . ","[Agent Kommittén][Target bordlade][Event ett beslut om ansökan], och ärendet kommer att behandlas vidare vid ett senare tillfälle ."
Change_event_time,[Agent John]could see some trivial improvements but [Target deferred][Event any mention of them].,[Agent John]kunde se några triviala förbättringar men [Target sköt upp][Event att nämna dem].
Change_event_time,[Event Further investigation of the complaint]was [Target deferred][Destination_event until the outcome of the criminal proceedings against the two young men].,[Event Fortsatt utredning av klagomålet] sköts [Target upp] [Destination_event tills utfallet av brottmålsförfarandet mot de två unga männen].
Change_event_time,[Event Changes]will be [Target deferred]if there is insufficient information available to make a decision .,[Event Evenemangsändringar] kommer att [Target skjutas upp] om det finns otillräcklig information tillgänglig för att fatta ett beslut.
Change_event_time,[Event The item]was [Target deferred][Destination_event until the full council meets on November 26].,[Event Ärendet] blev [Target uppskjutet][Destination_event tills hela fullmäktige sammanträder den 26 november].
Change_event_time,It is more important for [Agent them]to [Target defer][Event their childbearing]and to compress it into a short space of time in their married life .,Det är viktigare för [Agent dem] att [Target skjuta upp] [Event deras barnafödande] och att komprimera det till en kort tidsperiod i deras gifta liv.
Change_event_time,"Traditionally it had been [Agent the poor][Agent who]had [Target deferred][Event marriage][Destination_event until they could become independent]in an economy of the margins , but the early impact of industrialisation appears to have broken the pattern . ","Traditionellt hade det varit [Agent de fattiga][Agent som]hade [Target skjutit upp][Event äktenskap][Destination_event tills de kunde bli självständiga]i en marginalekonomi, men den tidiga effekten av industrialiseringen verkar ha brutit mönstret."
Change_event_time,"But , in all cases [Agent we][Target defer][Event repayment][Destination_event until you complete the course], and then agree a repayment programme that is based on your earnings . ","Men, i alla fall [Agent vi][Target skjuter upp][Event återbetalningen][Destination_event tills du slutför kursen], och sedan kommer vi överens om ett återbetalningsprogram som baseras på dina inkomster."
Change_event_time,For this reason it was felt in Washington that the occupation had to be extended and [Event a peace treaty][Target deferred].,Av denna anledning ansåg man i Washington att ockupationen måste förlängas och [Event ett fredsavtal][Target skjutas upp].
Change_event_time,"[Agent Skilled ringers]use their wrists to [Target advance]or retard [Event the next swing], so that one bell can swap places with another in the following change .","[Agent Skickliga klockringare] använder sina handleder för att [Target tidigarelägga] eller fördröja [Event nästa sving], så att en klocka kan byta plats med en annan i den följande omgången."
Change_event_time,"The nuclear agency had hoped to monitor the larger centrifuge cascade with cameras , but [Agent Iranian officials]were `` not allowing the IAEA to install the cameras inside the cascade halls in Natanz and are causing further [Target delays][Event in the inspectors ' activity], '' a diplomat who closely monitors the agency said yesterday .","Kärnenergimyndigheten hade hoppats att övervaka den större centrifugkaskaden med kameror, men [Agent Iranska tjänstemän] tillät inte IAEA att installera kamerorna inuti kaskadhallarna i Natanz och orsakar ytterligare [Target förseningar][Event i inspektörernas verksamhet],'' sade en diplomat som noga övervakar myndigheten igår."
Change_event_time,People catching buses were advised to expect long [Interval [Target] delays].,Folk som skulle ta buss uppmanades att förvänta sig långa [Interval [Target] förseningar].
Change_event_time,In addition to the basic schedule of topics which was covered with everyone [Agent I]developed special questions and [Target rescheduled][Event parts of interviews][Purpose to fit the immediate circumstances of the person being interviewed].,Utöver det grundläggande schemat med ämnen som behandlades med alla [Agent I]utformade särskilda frågor och [Target planerade om][Event intervjudelar][Purpose för att passa den intervjuade personens aktuella omständigheter].
Change_event_time,"There is , however , a possibility that [Event the peace concert , which was to have taken place this Saturday , May 29 , in the King 's Hall], may be [Target rescheduled][Destination_time for the autumn].","Det finns dock en möjlighet att [Event fredskonserten, som skulle ha ägt rum nu på lördag den 29 maj i Kungssalen], kan [Target flyttas][Destination_time till hösten]."
Change_event_time,"If [Agent the school]refused to [Target reschedule][Event the trip], would this amount to unlawful indirect discrimination , or would the school 's decision have been ` justifiable '' ?","Om [Agent skolan] vägrade att [Target boka om] [Event resan], skulle detta utgöra olaglig indirekt diskriminering, eller skulle skolans beslut ha varit ` rättfärdigat '' ?"
Change_event_time,[Agent THE HOUSE OF LOVE]have [Target rescheduled][Event their one-off London date originally postponed from September]and plan to give away a limited-edition single featuring a previously unreleased ten-minute track at the show .,"[Agent THE HOUSE OF LOVE] har [Target ombokat] [Event deras engångsspelning i London, ursprungligen uppskjuten från september] och planerar att dela ut en singel i begränsad upplaga med ett tidigare outgivet tio minuter långt spår på spelningen."
Change_event_time,` No sooner had everyone recovered from the trauma of having to [Target reschedule][Event the full-length play festival]than we heard about Portadown .,Knappt hade alla hämtat sig från traumat av att behöva [Target schemalägga om][Event den fullängdsteaterfestivalen] förrän vi fick höra om Portadown.
Change_event_time,"` There 's a lot of zander throughout the canal and I think we 'll be leaving it until next season before [Agent we][Target reschedule][Event the match], '' he said .","ERROR: 503 UNAVAILABLE. {'error': {'code': 503, 'message': 'This model is currently experiencing high demand. Spikes in demand are usually temporary. Please try again later.', 'status': 'UNAVAILABLE'}}"
Change_event_time,"` But it 's been a complicated situation ; [Agent we]'ve had to cancel or [Target reschedule][Event gigs with Cozy 's band][Explanation because of Brian 's thing], and there was a further complication &hellip;","Men det har varit en komplicerad situation; [Agent vi] har varit tvungna att ställa in eller [Target boka om][Event spelningar med Cozys band][Explanation på grund av Brians grej], och det var en ytterligare komplikation ..."
Change_event_time,"[Agent SHONEN KNIFE]have been forced to postpone their UK dates due to touring commitments in their native Japan , but have managed to [Target reschedule][Event one gig][Place at London 's Clapham Grand][Destination_time on September 3].","[Agent SHONEN KNIFE] har tvingats skjuta upp sina Storbritannien-datum på grund av turnéåtaganden i sitt hemland Japan, men har lyckats [Target boka om] [Event en spelning] [Place på Londons Clapham Grand] [Destination_time till den 3 september]."
Relative_time,"We have talked about [Target antecedent][Focal_occasion events , behaviour , and consequences]as applied to eating behaviour and dieting . ","Vi har pratat om [Target föregående händelse][Focal_occasion händelser, beteende och konsekvenser] som tillämpas på ätbeteende och bantning."
Relative_time,"He tends to mention [Target antecedent][Focal_occasion events]after subsequent ones , and causes after effects . ","Han brukar nämna [Target föregående][Focal_occasion händelser] efter de efterföljande, och orsakar efterverkningar."
Relative_time,"In addition , it can be exercised where , during [Target antecedent][Focal_occasion negotiations], there were oral representations made irrespective of whether they were concluded on or off business premises ( s67 ) . ","Dessutom kan det utövas där, under [Target antecedent][Focal_occasion förhandlingar], muntliga uppgifter lämnades oavsett om de avslutades på eller utanför affärslokaler ( s67 ) ."
Relative_time,"The second [Target antecedent][Focal_occasion event], quarrelling with another person , often follows closely on a feeling of disappointment and personal failure . ","Den andra [Target föregående][Focal_occasion händelse], att gräla med en annan person, följer ofta tätt på en känsla av besvikelse och personligt misslyckande."
Relative_time,"Only as attending proceeds , however , does it become possible to describe the immediately [Target antecedent][Focal_occasion experience]of a conscious episode . ","Först när uppmärksamheten fortskrider, dock, blir det möjligt att beskriva det omedelbart [Target antecedent][Focal_occasion experience]av en medveten episod."
Relative_time,"However , Poulantzas would presumably argue that in any given case the course of events is determined by [Target antecedent][Focal_occasion factors]. ",Emellertid skulle Poulantzas förmodligen argumentera att i varje givet fall bestäms händelseförloppet av [Target förutsättningar][Focal_occasion faktorer].
Relative_time,"But we do not know how to account for these characteristics as the results of [Target antecedent][Focal_occasion social factors], and , indeed , have very little idea what circumstances , if any , produce military genius or obstinacy . ","Men vi vet inte hur vi ska förklara dessa egenskaper som resultatet av [Target förutsättningar][Focal_occasion sociala faktorer], och faktiskt har vi väldigt liten aning om vilka omständigheter, om några alls, som frambringar militärt geni eller envishet."
Relative_time,"In its most basic sense , determinism is only committed to the view that behaviour is the outcome of [Target antecedent][Focal_occasion causes]. ",I sin enklaste bemärkelse håller determinismen endast fast vid uppfattningen att beteende är utfallet av [Target föregående][Focal_occasion orsaker].
Relative_time,For one thing he certainly over-states it when he says that pleasure always comes from satisfaction of an [Target antecedent][Focal_occasion desire for something other than pleasure].,För det första överdriver han verkligen det när han säger att njutning alltid kommer från tillfredsställelsen av ett [Target föregående][Focal_occasion begär efter något annat än njutning].
Relative_time,"The State recognises the Family as the natural primary and fundamental unit group of Society and as a moral institution possessing [Focal_occasion x, [Target antecedent]and superior [Landmark_occasion to all positive law]…","The State recognises the Family as the natural primary and fundamental unit group of Society and as a moral institution possessing [Focal_occasion x, [Target föregående]och överlägsen [Landmark_occasion all positiv rätt]…"
Relative_time,"The whole doctrine is based on the recognition of the regularity and uniformity pervading the created universe , and on the assumption that man has [Focal_occasion an innate sense of beauty][Target antecedent][Landmark_occasion to custom or education]. ","Hela doktrinen bygger på erkännandet av den regelbundenhet och enhetlighet som genomsyrar det skapade universum, och på antagandet att människan har [Focal_occasion ett medfött sinne för skönhet][Target föregångare][Landmark_occasion till sed eller utbildning]."
Relative_time,"If ordinary children build their linguistic abilities on [Target antecedent][Focal_occasion social and cognitive abilities], these may , in fact , be necessary prerequisites for the emergence of language . ","Om vanliga barn bygger sina språkliga förmågor på [Target antecedent][Focal_occasion sociala och kognitiva förmågor], kan dessa , i själva verket , vara nödvändiga förutsättningar för språkets framväxt ."
Relative_time,"I edged around the puddles in the garden , where [Target belated][Focal_occasion rain]fell from the yew trees , and returned to my Bed and Breakfast house for a soothing sleep . ","Jag smygde mig runt vattenpölarna i trädgården, där [Target senkommet][Focal_occasion regn]föll från idegranarna, och återvände till mitt Bed and Breakfast-hus för en rofylld sömn."
Relative_time,Since employees often complain about receiving [Target belated][Focal_occasion information]particular management attention should be given to correct timing .,Eftersom anställda ofta klagar över att få [Target försenad][Focal_occasion information] särskild ledningsuppmärksamhet bör ägnas åt korrekt tajming.
Relative_time,"After my [Target belated][Focal_occasion conversion from the outworn pieties of my youth]what I wanted from Karen was a crash course in greed , voracity , cheap thrills and superficial emotion . ","Efter min [Target försenade][Focal_occasion omvändelse från de utslitna fromheterna i min ungdom]vad jag ville ha från Karen var en snabbkurs i girighet, glupskhet, billiga kickar och ytliga känslor."
Relative_time,"However , on his [Target belated][Focal_occasion homecomings], he indirectly reassured her that the needed person did return m- the end . ","Dock , vid hans [Target försenade][Focal_occasion hemkomster], han indirekt försäkrade henne att den behövda personen faktiskt återvände m- slutet ."
Relative_time,That [Target belated][Focal_occasion discovery]caused Sun to cancel the intended roll-out of the expected 514 ( UX No 432 ) .,Denna [Target försenade][Focal_occasion upptäckten] fick Sun att ställa in den planerade lanseringen av den förväntade 514 ( UX Nr 432 ) .
Relative_time,"The reduction in the ARC 's subsidy is a [Target belated][Focal_occasion acknowledgement that agricultural research is overfunded]( see Nature 362 , 386 ; 1993 ) . ","Minskningen av ARC:s subvention är ett [Target försenat][Focal_occasion erkännande att jordbruksforskning är överfinansierad]( se Nature 362 , 386 ; 1993 ) ."
Relative_time,The marquis made one [Target belated][Focal_occasion attempt to warn her].,Markisen gjorde ett [Target försenat][Focal_occasion försök att varna henne].
Relative_time,"` Hence the ` [Target belated][Focal_occasion honeymoon]"" he talked about , "" said Julia . ","Därav den [Target försenade][Focal_occasion smekmånaden]"" som han pratade om , "" sade Julia ."
Relative_time,"The Revolution certainly marked a [Target belated][Focal_occasion victory for the policy of Exclusion], and finally established the legislative sovereignty of Parliament . ","Revolutionen markerade säkerligen en [Target försenad][Focal_occasion seger för exkluderingspolitiken], och etablerade slutligen parlamentets lagstiftande suveränitet."
Relative_time,The couple have spent the past six months buying furniture for their rooms within the Godfrey Ermen Home and are considering a [Target belated][Focal_occasion honeymoon].,Paret har tillbringat de senaste sex månaderna med att köpa möbler till sina rum i Godfrey Ermen Home och överväger en [Target försenad][Focal_occasion smekmånad].
Relative_time,Etosha has long been well regarded by her trainer and her [Target belated][Focal_occasion debut in the John Holdrish Maiden Fillies Stakes]was explained by a long-held aversion to starting stalls .,Etosha har länge varit högt ansedd av sin tränare och hennes [Target försenade][Focal_occasion debut i John Holdrish Maidenlopp för ston]förklarades av en långvarig motvilja mot startboxar.
Relative_time,The breakthrough was inspired by [Target belated][Focal_occasion realisation on the part of Pretoria and the ANC that unless they made rapid progress]what is left of the South African economy would be wrecked .,Genombrottet inspirerades av [Target försenad][Focal_occasion insikt från Pretorias och ANC:s sida att om de inte gjorde snabba framsteg]vad som fanns kvar av den sydafrikanska ekonomin skulle förstöras.
Relative_time,"Dates and September and October had proved to be difficult and beyond that , it would be a very [Target belated][Focal_occasion welcome]. ","Datum och september och oktober hade visat sig vara svåra och utöver det, det skulle bli ett mycket [Target försenat][Focal_occasion välkomnande]."
Relative_time,"Although [Target belated], [Focal_occasion the gesture]will win Mr Kaifu kudos in Washington , and guarantee a warm welcome for him at the London summit of rich countries ' leaders in July . ","Trots att [Target försenad], [Focal_occasion gesten] kommer att ge herr Kaifu uppskattning i Washington , och garantera ett varmt välkomnande för honom vid toppmötet i London med de rika ländernas ledare i juli ."
Relative_time,"After such stumbles , Grumman is understandably thrilled by a [Target belated]and unambiguous [Focal_occasion triumph]: the success of JSTARS . ",Efter sådana snedsteg är Grumman förståeligt nog överlyckligt över en [Target försenad] och otvetydig [Focal_occasion triumf]: framgången med JSTARS.
Relative_time,"Perhaps , in retrospect , I was over-kind in interpreting the offensive ` Bengali In Platforms "" as a [Target belated][Focal_occasion working through of petty teenage bigotry]. ","Kanske, i efterhand, var jag överdrivet vänlig i att tolka det stötande ` Bengali I Plattformar ` som en [Target försenad][Focal_occasion bearbetning av småaktig tonårstrångsynthet]."
Relative_time,"A letter to the Japanese ambassador in Washington , signed by all 100 members of the US Senate , had preceded what the US saw as Japan 's [Target belated][Focal_occasion Aug. 5 commitment on sanctions]. ","ERROR: 503 UNAVAILABLE. {'error': {'code': 503, 'message': 'This model is currently experiencing high demand. Spikes in demand are usually temporary. Please try again later.', 'status': 'UNAVAILABLE'}}"
Relative_time,"We could not doubt that [Focal_occasion justice], if [Target belated], had come at last .","ERROR: 503 UNAVAILABLE. {'error': {'code': 503, 'message': 'This model is currently experiencing high demand. Spikes in demand are usually temporary. Please try again later.', 'status': 'UNAVAILABLE'}}"
Relative_time,[Focal_participant I]was [Interval two hours][Degree too][Target early][Landmark_occasion for dinner]and so spent the interval in a cloud of steam with my wet clothes draped around the fire .,[Focal_participant Jag]var [Interval två timmar][Degree för][Target tidigt][Landmark_occasion till middagen]och tillbringade därför tiden i ett moln av ånga med mina våta kläder draperade runt elden.
Relative_time,"[Focal_participant I]was [Target early][Landmark_occasion for supper]that night and on edge until I heard , ` Nurse Dungarvan to Marcus Ward as special nurse for tonight . "" ","ERROR: 503 UNAVAILABLE. {'error': {'code': 503, 'message': 'This model is currently experiencing high demand. Spikes in demand are usually temporary. Please try again later.', 'status': 'UNAVAILABLE'}}"
Relative_time,[Focal_participant Müller]was [Interval a little][Target early][Landmark_occasion for the rendezvous].,"ERROR: 503 UNAVAILABLE. {'error': {'code': 503, 'message': 'This model is currently experiencing high demand. Spikes in demand are usually temporary. Please try again later.', 'status': 'UNAVAILABLE'}}"
Relative_time,Eighteen months ago I took [Target early][Focal_occasion retirement].,"ERROR: 503 UNAVAILABLE. {'error': {'code': 503, 'message': 'This model is currently experiencing high demand. Spikes in demand are usually temporary. Please try again later.', 'status': 'UNAVAILABLE'}}"
Relative_time,Snow-making machines will be blowing out foam-based snow to try to create an [Target early][Focal_occasion Yuletide atmosphere]while trying to tempt shoppers into their stores .,"ERROR: 503 UNAVAILABLE. {'error': {'code': 503, 'message': 'This model is currently experiencing high demand. Spikes in demand are usually temporary. Please try again later.', 'status': 'UNAVAILABLE'}}"
Relative_time,"We know that [Degree very][Target early][Focal_occasion exposure to schooling]improves performance in the first grade , but afterward the difference is quickly washed away .","Vi vet att [Degree mycket][Target tidig][Focal_occasion exponering för skolgång]förbättrar prestationerna i första klass, men därefter tvättas skillnaden snabbt bort."
Relative_time,The [Interval year]- [Target earlier]results have been restated to reflect an accounting change .,"ERROR: 503 UNAVAILABLE. {'error': {'code': 503, 'message': 'This model is currently experiencing high demand. Spikes in demand are usually temporary. Please try again later.', 'status': 'UNAVAILABLE'}}"
Relative_time,The relative numbers of Shehab-1 and Shehab-2 systems could change in favor of the Shehab-2 if Iran undertakes to upgrade the [Target earlier][Focal_participant systems]to Shehab-2 configuration .,"ERROR: 503 UNAVAILABLE. {'error': {'code': 503, 'message': 'This model is currently experiencing high demand. Spikes in demand are usually temporary. Please try again later.', 'status': 'UNAVAILABLE'}}"
Relative_time,This attack was in response to [Focal_occasion a major air attack on an oil refinery in Tehran][Interval two days][Target earlier].,"ERROR: 503 UNAVAILABLE. {'error': {'code': 503, 'message': 'This model is currently experiencing high demand. Spikes in demand are usually temporary. Please try again later.', 'status': 'UNAVAILABLE'}}"
Relative_time,"[Target Early][Focal_occasion progress]was not steady , and the nuclear program was stalled by the Islamic revolution in 1979 , then the eight - year war with Iraq through most of the 1980s .","ERROR: 503 UNAVAILABLE. {'error': {'code': 503, 'message': 'This model is currently experiencing high demand. Spikes in demand are usually temporary. Please try again later.', 'status': 'UNAVAILABLE'}}"
Relative_time,"The [Target earliest][Focal_participant name associated with the city], Ur usalim , perhaps meant `` city of Shalim '' or `` founded by Shalim . ''","ERROR: 503 UNAVAILABLE. {'error': {'code': 503, 'message': 'This model is currently experiencing high demand. Spikes in demand are usually temporary. Please try again later.', 'status': 'UNAVAILABLE'}}"
Relative_time,"[Focal_occasion The basic elements of life in the Aegean began to come together][Degree as][Target early][Degree as 5000 b.c.], and were already in place by the late Bronze Age ( c. 2700 b.c. ) .","[Focal_occasion Livets grundläggande element i Egeiska havet började samlas][Degree som][Target tidigt][Degree som 5000 f.Kr.], och fanns redan på plats vid den sena bronsåldern (ca. 2700 f.Kr.)."
Relative_time,"You will find original examples in the archaeological museums throughout the Cyclades , although one of the [Target earliest][Focal_participant examples]is in the museum on Paros .","ERROR: 503 UNAVAILABLE. {'error': {'code': 503, 'message': 'This model is currently experiencing high demand. Spikes in demand are usually temporary. Please try again later.', 'status': 'UNAVAILABLE'}}"
Relative_time,And when would be the [Target earliest]that we would make the payment ?,Och när skulle vara det [Target tidigaste] som vi skulle göra betalningen?
Relative_time,[Target Early][Focal_occasion Habitation],"ERROR: 503 UNAVAILABLE. {'error': {'code': 503, 'message': 'This model is currently experiencing high demand. Spikes in demand are usually temporary. Please try again later.', 'status': 'UNAVAILABLE'}}"
Relative_time,We had been begging the authorities since [Focal_occasion [Targe]t early][Landmark_occasion in the morning]to send forces [ ... ] It is too late now .,"ERROR: 503 UNAVAILABLE. {'error': {'code': 503, 'message': 'This model is currently experiencing high demand. Spikes in demand are usually temporary. Please try again later.', 'status': 'UNAVAILABLE'}}"
Relative_time,[Focal_occasion The decision][Target followed][Landmark_occasion the freeing of a man who killed his mother-in-law].,"ERROR: 503 UNAVAILABLE. {'error': {'code': 503, 'message': 'This model is currently experiencing high demand. Spikes in demand are usually temporary. Please try again later.', 'status': 'UNAVAILABLE'}}"
Relative_time,[Focal_occasion The deep recession][Focal_occasion that][Target followed]shows how painful true perestroika can be .,"ERROR: 503 UNAVAILABLE. {'error': {'code': 503, 'message': 'This model is currently experiencing high demand. Spikes in demand are usually temporary. Please try again later.', 'status': 'UNAVAILABLE'}}"
Relative_time,[Focal_occasion A very basic synopsis of the play][Target follows]in order to contextualise the analysis .,"ERROR: 503 UNAVAILABLE. {'error': {'code': 503, 'message': 'This model is currently experiencing high demand. Spikes in demand are usually temporary. Please try again later.', 'status': 'UNAVAILABLE'}}"
Relative_time,[Focal_occasion A whole series of measures][Target followed]promoting the position of radicals -- and the Communists -- at the expense of the moderates .,"ERROR: 503 UNAVAILABLE. {'error': {'code': 503, 'message': 'This model is currently experiencing high demand. Spikes in demand are usually temporary. Please try again later.', 'status': 'UNAVAILABLE'}}"
Relative_time,"He urged them to back the Brady plan , pointing to [Focal_occasion the socio-political unrest][Focal_occasion that]might [Target follow][Landmark_occasion the failure to provide economic support for strategically important developing countries]. ","ERROR: 503 UNAVAILABLE. {'error': {'code': 503, 'message': 'This model is currently experiencing high demand. Spikes in demand are usually temporary. Please try again later.', 'status': 'UNAVAILABLE'}}"
Relative_time,"[Focal_occasion The appeal][Target followed][Landmark_occasion a meeting to discuss the case of 11-year-old Gemma left alone in a flat in Hammersmith , west London]. ","ERROR: 503 UNAVAILABLE. {'error': {'code': 503, 'message': 'This model is currently experiencing high demand. Spikes in demand are usually temporary. Please try again later.', 'status': 'UNAVAILABLE'}}"
Relative_time,The Pact would provide for [Focal_occasion the withdrawal of Soviet forces][Target following][Landmark_occasion the formation of a coalition government in Kabul].,"ERROR: 503 UNAVAILABLE. {'error': {'code': 503, 'message': 'This model is currently experiencing high demand. Spikes in demand are usually temporary. Please try again later.', 'status': 'UNAVAILABLE'}}"
Relative_time,[Landmark_occasion This]was [Target followed]last week [Focal_occasion by a second letter giving more precise details of the make-up of the allocation].,"ERROR: 503 UNAVAILABLE. {'error': {'code': 503, 'message': 'This model is currently experiencing high demand. Spikes in demand are usually temporary. Please try again later.', 'status': 'UNAVAILABLE'}}"
Relative_time,[Focal_occasion The finding][Target follows][Landmark_occasion a study by Her Majesty 's Inspectorate of reading among children aged five to 14 made just before the introduction of the national curriculum last September].,"ERROR: 503 UNAVAILABLE. {'error': {'code': 503, 'message': 'This model is currently experiencing high demand. Spikes in demand are usually temporary. Please try again later.', 'status': 'UNAVAILABLE'}}"
Relative_time,"This was the beginning of a great revival ; [Focal_occasion it][Target followed][Landmark_occasion decades during which the legal position of jews had , on the whole , steadily improved]. ","ERROR: 503 UNAVAILABLE. {'error': {'code': 503, 'message': 'This model is currently experiencing high demand. Spikes in demand are usually temporary. Please try again later.', 'status': 'UNAVAILABLE'}}"
Relative_time,[Landmark_occasion This controversy]was [Interval immediately][Target followed][Focal_occasion by another].,"ERROR: 503 UNAVAILABLE. {'error': {'code': 503, 'message': 'This model is currently experiencing high demand. Spikes in demand are usually temporary. Please try again later.', 'status': 'UNAVAILABLE'}}"
Relative_time,"[Landmark_occasion The hiss]was [Target followed][Focal_occasion by a roar]as a sudden burst of wind hit them , hurling Seawitch forward like a blow from a giant fist . ","ERROR: 503 UNAVAILABLE. {'error': {'code': 503, 'message': 'This model is currently experiencing high demand. Spikes in demand are usually temporary. Please try again later.', 'status': 'UNAVAILABLE'}}"
Relative_time,[Focal_occasion The relative stability in the north][Focal_occasion that][Target followed][Landmark_occasion Barbarossa 's defeat]set the stage for the next step in the rise of the city states .,"ERROR: 503 UNAVAILABLE. {'error': {'code': 503, 'message': 'This model is currently experiencing high demand. Spikes in demand are usually temporary. Please try again later.', 'status': 'UNAVAILABLE'}}"
Relative_time,They started with a Blessing then [Landmark_occasion Tea][Target followed][Focal_occasion by the chairman 's remarks].,"ERROR: 503 UNAVAILABLE. {'error': {'code': 503, 'message': 'This model is currently experiencing high demand. Spikes in demand are usually temporary. Please try again later.', 'status': 'UNAVAILABLE'}}"
Relative_time,The panic of the night before was nothing compared to [Focal_occasion the tragic and bizarre pandemonium][Focal_occasion that]was to [Target follow]during the ensuing day .,"ERROR: 503 UNAVAILABLE. {'error': {'code': 503, 'message': 'This model is currently experiencing high demand. Spikes in demand are usually temporary. Please try again later.', 'status': 'UNAVAILABLE'}}"
Relative_time,TI 's Sparc marketing manager Phil Campbell said the first few lots of the reconstructed chip will be coming off the line in December with [Focal_occasion volumes][Target following]sometime during the first quarter .,"ERROR: 503 UNAVAILABLE. {'error': {'code': 503, 'message': 'This model is currently experiencing high demand. Spikes in demand are usually temporary. Please try again later.', 'status': 'UNAVAILABLE'}}"
Relative_time,[Focal_occasion Spikes of succulent red berries][Target follow]in the autumn .,"ERROR: 503 UNAVAILABLE. {'error': {'code': 503, 'message': 'This model is currently experiencing high demand. Spikes in demand are usually temporary. Please try again later.', 'status': 'UNAVAILABLE'}}"
Relative_time,"The Treasury now expects [Landmark_occasion a fall of 1% in non-oil GDP in 1992], [Target followed][Focal_occasion by growth of 1% in 1993]: the average GDP growth in 1993 forecast by independents is 1 1 / 2 % .","Finansdepartementet förväntar sig nu [Landmark_occasion en nedgång på 1% i icke-oljerelaterad BNP under 1992], [Target följt av][Focal_occasion en tillväxt på 1% under 1993]: den genomsnittliga BNP-tillväxten under 1993 prognostiserad av oberoende bedömare är 1 1/2 %."
Relative_time,"In [Focal_participant the torrent of replies][Focal_participant that][Target followed], one woman ringer from Solihull observed that `` the average male ringer leaves quite a lot to be desired : badly dressed , decorated with acne and a large beer-belly , frequently unwashed and unbearably flatulent in peals .","ERROR: 503 UNAVAILABLE. {'error': {'code': 503, 'message': 'This model is currently experiencing high demand. Spikes in demand are usually temporary. Please try again later.', 'status': 'UNAVAILABLE'}}"
Relative_time,"On 19 December 2003 , [Focal_occasion Libyan leader Col. Muammar Qadhafi publicly confirmed his commitment to disclose and dismantle WMD programs in his country][Target following][Landmark_occasion a nine-month period of negotiations with US and UK authorities]. ","ERROR: 503 UNAVAILABLE. {'error': {'code': 503, 'message': 'This model is currently experiencing high demand. Spikes in demand are usually temporary. Please try again later.', 'status': 'UNAVAILABLE'}}"
Relative_time,"In [Focal_occasion the five years that][Target followed], Iran concluded several contracts for the construction of nuclear plants and the supply of nuclear fuel : with the United States in 1974 ; Germany in 1976 ; and France in 1977 .","ERROR: 503 UNAVAILABLE. {'error': {'code': 503, 'message': 'This model is currently experiencing high demand. Spikes in demand are usually temporary. Please try again later.', 'status': 'UNAVAILABLE'}}"
Relative_time,"Within four months of the end of the second War of the Cities , and [Target following][Landmark_occasion a continuing string of Iraqi victories ( most notably on the Fao Peninsula )], [Focal_occasion Iran sued for peace].","ERROR: 503 UNAVAILABLE. {'error': {'code': 503, 'message': 'This model is currently experiencing high demand. Spikes in demand are usually temporary. Please try again later.', 'status': 'UNAVAILABLE'}}"
Relative_time,[Landmark_occasion This]was [Target followed][Interval two days later][Focal_occasion by an early morning attack on the Iraqi capital of Baghdad].,"ERROR: 503 UNAVAILABLE. {'error': {'code': 503, 'message': 'This model is currently experiencing high demand. Spikes in demand are usually temporary. Please try again later.', 'status': 'UNAVAILABLE'}}"
Relative_time,"[Focal_occasion The NPT withdrawal][Interval swiftly][Target followed][Landmark_occasion a December 2002 announcement that North Korea was lifting the freeze on its nuclear program , in response to the U.S. decision to suspend heavy fuel oil ( HFO ) shipments under the Agreed Framework].","ERROR: 503 UNAVAILABLE. {'error': {'code': 503, 'message': 'This model is currently experiencing high demand. Spikes in demand are usually temporary. Please try again later.', 'status': 'UNAVAILABLE'}}"
Relative_time,[Focal_occasion Taiwan 's nuclear weapons program was established under the direction of the Institute of Nuclear Energy Research ( INER ) and the Chungshan Institute of Science and Technology][Target following][Landmark_occasion the People's Republic of China 's first nuclear test in October 1964].,"ERROR: 503 UNAVAILABLE. {'error': {'code': 503, 'message': 'This model is currently experiencing high demand. Spikes in demand are usually temporary. Please try again later.', 'status': 'UNAVAILABLE'}}"
Relative_time,"[Focal_occasion It][Target follows][Landmark_occasion growing concern among members of Britain 's intelligence and security hierarchy that if a CBRN attack took place in the City of London it would devastate Britain 's economy and severely damage the economies of Europe and America]. ( Telegraph .co.uk , 25Jun06 , Sean Rayment ) ( Link )","ERROR: 503 UNAVAILABLE. {'error': {'code': 503, 'message': 'This model is currently experiencing high demand. Spikes in demand are usually temporary. Please try again later.', 'status': 'UNAVAILABLE'}}"
Relative_time,"[Landmark_occasion He]was [Target followed][Interval in 336 b.c.][Focal_occasion by his son Alexander the Great], one of the most remarkable leaders in history .","ERROR: 503 UNAVAILABLE. {'error': {'code': 503, 'message': 'This model is currently experiencing high demand. Spikes in demand are usually temporary. Please try again later.', 'status': 'UNAVAILABLE'}}"
Relative_time,"[Focal_occasion The El Rancho Vegas ( 1941 ) was the first], [Target followed][Landmark_occasion by the Last Frontier]( 1943 ) .","[Focal_occasion El Rancho Vegas (1941) var det första], [Target följdes][Landmark_occasion av Last Frontier](1943)."
Relative_time,In extreme cases these rites take the form of [Landmark_occasion human sacrifices][Target followed][Focal_occasion by cannibalism .],"ERROR: 503 UNAVAILABLE. {'error': {'code': 503, 'message': 'This model is currently experiencing high demand. Spikes in demand are usually temporary. Please try again later.', 'status': 'UNAVAILABLE'}}"
Relative_time,"Not all of the recipients of honours were backbenchers , and over the [Target following][Focal_occasion years]journalists , industrialists and bankers sympathetic to the cause were handed decorations of one kind or another . ","ERROR: 503 UNAVAILABLE. {'error': {'code': 503, 'message': 'This model is currently experiencing high demand. Spikes in demand are usually temporary. Please try again later.', 'status': 'UNAVAILABLE'}}"
Relative_time,And in the [Target following][Focal_occasion production period]the maintenance of an increased volume of consumer goods will require the maintenance of an adequate level of v ; : but v is not surplus-value .,"ERROR: 503 UNAVAILABLE. {'error': {'code': 503, 'message': 'This model is currently experiencing high demand. Spikes in demand are usually temporary. Please try again later.', 'status': 'UNAVAILABLE'}}"
Relative_time,"I asked the couple , during the [Target following][Focal_occasion week], to write down separately what each would expect of marriage . ","ERROR: 503 UNAVAILABLE. {'error': {'code': 503, 'message': 'This model is currently experiencing high demand. Spikes in demand are usually temporary. Please try again later.', 'status': 'UNAVAILABLE'}}"
Relative_time,"In 1923 , Labour won all four seats in West Ham , but lost Upton the [Target following][Focal_occasion year]as Labour members in outer London fell from fifteen to seven . ","ERROR: 503 UNAVAILABLE. {'error': {'code': 503, 'message': 'This model is currently experiencing high demand. Spikes in demand are usually temporary. Please try again later.', 'status': 'UNAVAILABLE'}}"
Relative_time,"Brian had chosen Bath as a place to which he would take Celia the [Target following][Focal_occasion weekend], partly because it was not too far away and partly because he remembered how happy they had been there before . ","ERROR: 503 UNAVAILABLE. {'error': {'code': 503, 'message': 'This model is currently experiencing high demand. Spikes in demand are usually temporary. Please try again later.', 'status': 'UNAVAILABLE'}}"
Relative_time,"On the [Target following][Focal_occasion day]doctors and medical personnel announced an indefinite strike , which was promptly declared illegal . ","ERROR: 503 UNAVAILABLE. {'error': {'code': 503, 'message': 'This model is currently experiencing high demand. Spikes in demand are usually temporary. Please try again later.', 'status': 'UNAVAILABLE'}}"
Relative_time,One worker recalls the [Target following][Focal_occasion episode].,"ERROR: 503 UNAVAILABLE. {'error': {'code': 503, 'message': 'This model is currently experiencing high demand. Spikes in demand are usually temporary. Please try again later.', 'status': 'UNAVAILABLE'}}"
Relative_time,The [Target following][Focal_occasion February]the Church agreed and allocated £250 ; an organ was dedicated on 29 May 1895 .,"ERROR: 503 UNAVAILABLE. {'error': {'code': 503, 'message': 'This model is currently experiencing high demand. Spikes in demand are usually temporary. Please try again later.', 'status': 'UNAVAILABLE'}}"
Relative_time,"For a purely parochial event , it must have been quite an occasion because I believe that it ran from Wednesday , through to the [Target following][Focal_occasion Saturday]. ","ERROR: 503 UNAVAILABLE. {'error': {'code': 503, 'message': 'This model is currently experiencing high demand. Spikes in demand are usually temporary. Please try again later.', 'status': 'UNAVAILABLE'}}"
Relative_time,This tactic was repeated on the [Target following][Focal_occasion Monday and Tuesday]and a delegation sent to meet the Mayor .,"ERROR: 503 UNAVAILABLE. {'error': {'code': 503, 'message': 'This model is currently experiencing high demand. Spikes in demand are usually temporary. Please try again later.', 'status': 'UNAVAILABLE'}}"
Relative_time,So we arranged to travel to Devonshire on the [Target following][Focal_occasion Saturday].,"ERROR: 503 UNAVAILABLE. {'error': {'code': 503, 'message': 'This model is currently experiencing high demand. Spikes in demand are usually temporary. Please try again later.', 'status': 'UNAVAILABLE'}}"
Relative_time,In 1873 Gladstone 's government passed the Judicature Act ( succeeded by further statutes over the [Target following][Focal_occasion two years]) .,"ERROR: 503 UNAVAILABLE. {'error': {'code': 503, 'message': 'This model is currently experiencing high demand. Spikes in demand are usually temporary. Please try again later.', 'status': 'UNAVAILABLE'}}"
Relative_time,Tonight and for the [Target following][Focal_occasion two nights]we are privileged to welcome a quintet of American musicians specially brought together for the Guinness Spot in association with Frank Tate .,"ERROR: 503 UNAVAILABLE. {'error': {'code': 503, 'message': 'This model is currently experiencing high demand. Spikes in demand are usually temporary. Please try again later.', 'status': 'UNAVAILABLE'}}"
Relative_time,"At St. Mary 's Church in Ilminster , Somerset , [Focal_occasion the bells have fallen silent][Target following][Landmark_occasion a dust-up over church attendance].","ERROR: 503 UNAVAILABLE. {'error': {'code': 503, 'message': 'This model is currently experiencing high demand. Spikes in demand are usually temporary. Please try again later.', 'status': 'UNAVAILABLE'}}"
Relative_time,"Skilled ringers use their wrists to advance or retard the next swing , so that one bell can swap places with another in the [Target following][Focal_occasion change].","ERROR: 503 UNAVAILABLE. {'error': {'code': 503, 'message': 'This model is currently experiencing high demand. Spikes in demand are usually temporary. Please try again later.', 'status': 'UNAVAILABLE'}}"
Relative_time,"Pyongyang then declared the [Target following][Focal_occasion month]that it was lifting the freeze on its nuclear program , ostensibly to generate electricity . ","ERROR: 503 UNAVAILABLE. {'error': {'code': 503, 'message': 'This model is currently experiencing high demand. Spikes in demand are usually temporary. Please try again later.', 'status': 'UNAVAILABLE'}}"
Relative_time,"The [Target following][Focal_occasion year], Iran made a down payment for Project Flower by providing Israel with $280 million worth of oil .","ERROR: 503 UNAVAILABLE. {'error': {'code': 503, 'message': 'This model is currently experiencing high demand. Spikes in demand are usually temporary. Please try again later.', 'status': 'UNAVAILABLE'}}"
Relative_time,This situation remained essentially unchanged through the [Target following][Landmark_occasion year]when Iraq launched its invasion .,"ERROR: 503 UNAVAILABLE. {'error': {'code': 503, 'message': 'This model is currently experiencing high demand. Spikes in demand are usually temporary. Please try again later.', 'status': 'UNAVAILABLE'}}"
Relative_time,"[Target Following][Landmark_occasion this most recent flight - test], [Focal_occasion the Shehab-3 was placed in service and revolutionary guard units were officially armed with the missiles].","ERROR: 503 UNAVAILABLE. {'error': {'code': 503, 'message': 'This model is currently experiencing high demand. Spikes in demand are usually temporary. Please try again later.', 'status': 'UNAVAILABLE'}}"
Relative_time,"In 1987 , [Focal_occasion Libya 's military operation in Chad was near defeat][Target following][Landmark_occasion a series of dramatic reversals].","ERROR: 503 UNAVAILABLE. {'error': {'code': 503, 'message': 'This model is currently experiencing high demand. Spikes in demand are usually temporary. Please try again later.', 'status': 'UNAVAILABLE'}}"
Relative_time,"[Target Following][Landmark_occasion a July 1989 flight - test of what Pretoria described as a `` booster rocket '' in a space - launch program], [Focal_occasion U.S. intelligence noted striking similarities between this system and Israel 's intermediate - range Jericho - 2 ballistic missile].","ERROR: 503 UNAVAILABLE. {'error': {'code': 503, 'message': 'This model is currently experiencing high demand. Spikes in demand are usually temporary. Please try again later.', 'status': 'UNAVAILABLE'}}"
Relative_time,"[Target Following][Landmark_occasion the discovery of substantial reserves of uranium ore at Saghand , Yazd province ,][Focal_occasion Iran announced that it was developing a nuclear power plan that would rely solely on indigenous resources].","ERROR: 503 UNAVAILABLE. {'error': {'code': 503, 'message': 'This model is currently experiencing high demand. Spikes in demand are usually temporary. Please try again later.', 'status': 'UNAVAILABLE'}}"
Relative_time,"Second , there are reports that [Focal_occasion Kim Il Sung asked China to share its nuclear weapons technology][Target following][Landmark_occasion China 's first nuclear test in October 1964], but Chairman Mao refused .","ERROR: 503 UNAVAILABLE. {'error': {'code': 503, 'message': 'This model is currently experiencing high demand. Spikes in demand are usually temporary. Please try again later.', 'status': 'UNAVAILABLE'}}"
Relative_time,"However , [Target following][Landmark_occasion intense bilateral negotiations with the United States], [Focal_occasion North Korea announced it was `` suspending its withdrawal from the NPT '' one day before the withdrawal was to become effective].","ERROR: 503 UNAVAILABLE. {'error': {'code': 503, 'message': 'This model is currently experiencing high demand. Spikes in demand are usually temporary. Please try again later.', 'status': 'UNAVAILABLE'}}"
Relative_time,"Pilgrims came from all over the Roman ( and , later , Byzantine ) Empire during the [Target following][Focal_occasion centuries], but the prosperity they brought lasted only until 614 , when Persian armies overtook Judea and reduced Jerusalem to rubble again .","Pilgrimer kom från hela det romerska (och, senare, bysantinska) imperiet under de [Target följande][Focal_occasion århundradena], men det välstånd de förde med sig varade bara till 614, då persiska arméer erövrade Judeen och förvandlade Jerusalem till grus igen."
Relative_time,"[Target Following][Landmark_occasion Alexander 's death], [Focal_occasion his lands were divided among his generals].","ERROR: 503 UNAVAILABLE. {'error': {'code': 503, 'message': 'This model is currently experiencing high demand. Spikes in demand are usually temporary. Please try again later.', 'status': 'UNAVAILABLE'}}"
Relative_time,"[Target Following][Landmark_occasion this debacle], [Focal_occasion the Ottomans then allied themselves to Germany in the World War I , losing more territory with the defeat of the Germans in that war].","ERROR: 503 UNAVAILABLE. {'error': {'code': 503, 'message': 'This model is currently experiencing high demand. Spikes in demand are usually temporary. Please try again later.', 'status': 'UNAVAILABLE'}}"
Relative_time,"[Target Following][Landmark_occasion its victory], [Focal_occasion Athens introduced the concept of a mutual protection alliance ( a kind of NATO of the ancient world )].","[Target Efter][Landmark_occasion sin seger], [Focal_occasion Aten införde konceptet med en ömsesidig skyddsallians (ett slags NATO i den antika världen)]"
Relative_time,"Our afternoon lessons began at a quarter-to-two , and if the express did not run on time , [Focal_participant I]ran the risk of being [Target late][Landmark_occasion for roll call]. ","ERROR: 503 UNAVAILABLE. {'error': {'code': 503, 'message': 'This model is currently experiencing high demand. Spikes in demand are usually temporary. Please try again later.', 'status': 'UNAVAILABLE'}}"
Relative_time,"I suppose it 's [Degree too][Target late][Focal_occasion to alter that now]. "" ","ERROR: 503 UNAVAILABLE. {'error': {'code': 503, 'message': 'This model is currently experiencing high demand. Spikes in demand are usually temporary. Please try again later.', 'status': 'UNAVAILABLE'}}"
Relative_time,"So , I made a promise to myself that [Focal_participant I]'d never be [Target late][Landmark_occasion with any deadlines]. ","Så, jag lovade mig själv att [Focal_participant jag] aldrig skulle vara [Target försenad][Landmark_occasion med några deadlines]."
Relative_time,And [Focal_participant Mr Gorbachev]was [Interval far too][Target late][Focal_occasion in proposing a new deal to the various republics].,"ERROR: 503 UNAVAILABLE. {'error': {'code': 503, 'message': 'This model is currently experiencing high demand. Spikes in demand are usually temporary. Please try again later.', 'status': 'UNAVAILABLE'}}"
Relative_time,"So [Focal_participant we]were [Target late][Focal_occasion in returning], and night fell when we were only half-way home . ","ERROR: 503 UNAVAILABLE. {'error': {'code': 503, 'message': 'This model is currently experiencing high demand. Spikes in demand are usually temporary. Please try again later.', 'status': 'UNAVAILABLE'}}"
Relative_time,But [Focal_participant the results]are [Degree so][Target late][Focal_occasion in arriving][Degree that they will have only a limited influence on national policies for coronary prevention].,Men [Focal_participant resultaten] är [Degree så][Target sena][Focal_occasion med att komma fram][Degree att de kommer att ha endast ett begränsat inflytande på nationell politik för koronar prevention].
Relative_time,[Focal_participant I]'m [Target late][Focal_occasion with getting back home]as it is .,"ERROR: 503 UNAVAILABLE. {'error': {'code': 503, 'message': 'This model is currently experiencing high demand. Spikes in demand are usually temporary. Please try again later.', 'status': 'UNAVAILABLE'}}"
Relative_time,[Focal_occasion We]'re going to be [Target late].,[Focal_occasion Vi] kommer att bli [Target sena].
Relative_time,[Focal_participant We]'re [Interval a couple months][Target late][Landmark_occasion buying credits for last year].,"ERROR: 503 UNAVAILABLE. {'error': {'code': 503, 'message': 'This model is currently experiencing high demand. Spikes in demand are usually temporary. Please try again later.', 'status': 'UNAVAILABLE'}}"
Relative_time,One reason [Focal_participant we]'re [Target late]( other than the obvious ) is the insane complexity in calculating it well .,"ERROR: 503 UNAVAILABLE. {'error': {'code': 503, 'message': 'This model is currently experiencing high demand. Spikes in demand are usually temporary. Please try again later.', 'status': 'UNAVAILABLE'}}"
Relative_time,"[Focal_participant fe004]arrived [Target late]( 15.5 minutes into the meeting ) , and did not read digits .","ERROR: 503 UNAVAILABLE. {'error': {'code': 503, 'message': 'This model is currently experiencing high demand. Spikes in demand are usually temporary. Please try again later.', 'status': 'UNAVAILABLE'}}"
Relative_time,They may not have read the digits due to the [Target late][Landmark_occasion start].,"ERROR: 503 UNAVAILABLE. {'error': {'code': 503, 'message': 'This model is currently experiencing high demand. Spikes in demand are usually temporary. Please try again later.', 'status': 'UNAVAILABLE'}}"
Relative_time,"[Focal_participant fe016 and mn017]arrived [Target late], left early , and did not read digits .","ERROR: 503 UNAVAILABLE. {'error': {'code': 503, 'message': 'This model is currently experiencing high demand. Spikes in demand are usually temporary. Please try again later.', 'status': 'UNAVAILABLE'}}"
Relative_time,"When [Focal_participant people]are [Target late], it makes it hard to keep things working in a rational fashion . ''","ERROR: 503 UNAVAILABLE. {'error': {'code': 503, 'message': 'This model is currently experiencing high demand. Spikes in demand are usually temporary. Please try again later.', 'status': 'UNAVAILABLE'}}"
Relative_time,payments are made to coincide with the due dates to take advantage of discount terms or avoid [Target late][Focal_occasion payment]penalties .,"ERROR: 503 UNAVAILABLE. {'error': {'code': 503, 'message': 'This model is currently experiencing high demand. Spikes in demand are usually temporary. Please try again later.', 'status': 'UNAVAILABLE'}}"
Relative_time,"Little is known of [Focal_occasion his life], early or [Target late], and his pictures ( 37 in the Wadsworth show , carefully culled from a total of perhaps 170 ) are the sole evidence of his preoccupations .","Lite är känt om [Focal_occasion hans liv], tidigt eller [Target sent], och hans bilder (37 i Wadsworth-utställningen, noggrant utvalda från totalt kanske 170) är det enda beviset på hans upptaganden."
Relative_time,So what if [Focal_participant Quindlen]'s [Interval about a week][Target late][Landmark_occasion to the story]?,Vad spelar det för roll om [Focal_participant Quindlens] [Interval ungefär en vecka][Target för sent][Landmark_occasion till historien]?
Relative_time,"At the last , when the multitudes besieged the City , only then did I reveal my plot , and by then it was [Degree too][Target late], for the City was burning .","Till sist, när folkmassorna belägrade Staden, först då avslöjade jag min komplott, och då var det [Degree för][Target sent], för Staden brann."
Relative_time,"[Focal_participant Judge]is [Degree always][Target late], anyway .","[Focal_participant Domaren] är [Degree alltid][Target sen], i alla fall."
Relative_time,"…Sir , if she 's in any danger , it will probably be [Degree too][Target late][Focal_occasion to help her]by that time .","ERROR: 503 UNAVAILABLE. {'error': {'code': 503, 'message': 'This model is currently experiencing high demand. Spikes in demand are usually temporary. Please try again later.', 'status': 'UNAVAILABLE'}}"
Relative_time,"He jumped at my arm while I was still off-balance , and I felt the surge of adrenaline that comes right when your body realizes that it 's [Degree too][Target late][Focal_occasion to save itself].","ERROR: 503 UNAVAILABLE. {'error': {'code': 503, 'message': 'This model is currently experiencing high demand. Spikes in demand are usually temporary. Please try again later.', 'status': 'UNAVAILABLE'}}"
Relative_time,[Focal_participant They]were both [Target late][Landmark_occasion bloomers].,"ERROR: 503 UNAVAILABLE. {'error': {'code': 503, 'message': 'This model is currently experiencing high demand. Spikes in demand are usually temporary. Please try again later.', 'status': 'UNAVAILABLE'}}"
Relative_time,"When Upham finally does kill , it 's [Degree too][Target late][Focal_occasion to do any good], and in clear violation of the Geneva Conventions .","ERROR: 503 UNAVAILABLE. {'error': {'code': 503, 'message': 'This model is currently experiencing high demand. Spikes in demand are usually temporary. Please try again later.', 'status': 'UNAVAILABLE'}}"
Relative_time,"[Focal_participant It]came [Degree too][Target late], and he died .","ERROR: 503 UNAVAILABLE. {'error': {'code': 503, 'message': 'This model is currently experiencing high demand. Spikes in demand are usually temporary. Please try again later.', 'status': 'UNAVAILABLE'}}"
Relative_time,In addition peripheral fibers cease to function as a culture ages consequently a [Degree very][Target late][Focal_participant arising structure]that happens into an exclusion zone can develop there into a mature structure .,"ERROR: 503 UNAVAILABLE. {'error': {'code': 503, 'message': 'This model is currently experiencing high demand. Spikes in demand are usually temporary. Please try again later.', 'status': 'UNAVAILABLE'}}"
Relative_time,"I believe that what you are saying is that >no draft >was `` submitted , '' but rather `` made available for review , '' albeit with >[Degree rather][Target late]>[Focal_occasion instructions as to location and ownership].","ERROR: 503 UNAVAILABLE. {'error': {'code': 503, 'message': 'This model is currently experiencing high demand. Spikes in demand are usually temporary. Please try again later.', 'status': 'UNAVAILABLE'}}"
Relative_time,"It was my system which enabled me to find John Warner , [Target late][Focal_participant gardener]of High Gable , sacked in a moment of temper by his imperious employer .","ERROR: 503 UNAVAILABLE. {'error': {'code': 503, 'message': 'This model is currently experiencing high demand. Spikes in demand are usually temporary. Please try again later.', 'status': 'UNAVAILABLE'}}"
Relative_time,Either way [Focal_participant I]was [Interval long][Target overdue][Landmark_occasion to call on them].,"ERROR: 503 UNAVAILABLE. {'error': {'code': 503, 'message': 'This model is currently experiencing high demand. Spikes in demand are usually temporary. Please try again later.', 'status': 'UNAVAILABLE'}}"
Relative_time,"[Focal_participant She]is already [Interval six days][Target overdue][Landmark_occasion beyond the expected date of birth], which was 6 October 1992 , and she has now refused , on religious grounds , to submit herself to a Caesarean section operation . ","ERROR: 503 UNAVAILABLE. {'error': {'code': 503, 'message': 'This model is currently experiencing high demand. Spikes in demand are usually temporary. Please try again later.', 'status': 'UNAVAILABLE'}}"
Relative_time,[Focal_participant The tax and social security systems]are [Interval long][Target overdue][Landmark_occasion for reform].,"ERROR: 503 UNAVAILABLE. {'error': {'code': 503, 'message': 'This model is currently experiencing high demand. Spikes in demand are usually temporary. Please try again later.', 'status': 'UNAVAILABLE'}}"
Relative_time,I suppose [Focal_participant I]was [Target overdue][Landmark_occasion for a move].,"ERROR: 503 UNAVAILABLE. {'error': {'code': 503, 'message': 'This model is currently experiencing high demand. Spikes in demand are usually temporary. Please try again later.', 'status': 'UNAVAILABLE'}}"
Relative_time,"[Focal_participant Kapellan]( 5.22 ) , [Target overdue][Landmark_occasion for a win], should be worth waiting for in the last race at Hove today . ","ERROR: 503 UNAVAILABLE. {'error': {'code': 503, 'message': 'This model is currently experiencing high demand. Spikes in demand are usually temporary. Please try again later.', 'status': 'UNAVAILABLE'}}"
Relative_time,"[Focal_participant She]was [Target overdue][Landmark_occasion for some leave], and she could go to France and make some enquiries . ","ERROR: 503 UNAVAILABLE. {'error': {'code': 503, 'message': 'This model is currently experiencing high demand. Spikes in demand are usually temporary. Please try again later.', 'status': 'UNAVAILABLE'}}"
Relative_time,Mikrodatorn kommer att skriva ut påminnelser för [Focal_participant alla föremål][Focal_participant som] är [Target förfallna] på ett visst datum och påminnelserna kan skickas till elever via mentor eller årskurslärare.,"ERROR: 503 UNAVAILABLE. {'error': {'code': 503, 'message': 'This model is currently experiencing high demand. Spikes in demand are usually temporary. Please try again later.', 'status': 'UNAVAILABLE'}}"
Relative_time,The microcomputer will print out reminders for [Focal_participant all items][Focal_participant which]are [Target overdue]on a particular date and the reminders can be sent to pupils via the form or year tutor .,"ERROR: 503 UNAVAILABLE. {'error': {'code': 503, 'message': 'This model is currently experiencing high demand. Spikes in demand are usually temporary. Please try again later.', 'status': 'UNAVAILABLE'}}"
Relative_time,"Earlier [Focal_participant two climbers], reported [Target overdue]on Ben Nevis , were found safe after losing their way and having to spend the night on a ledge at 4,000 ft . ","ERROR: 503 UNAVAILABLE. {'error': {'code': 503, 'message': 'This model is currently experiencing high demand. Spikes in demand are usually temporary. Please try again later.', 'status': 'UNAVAILABLE'}}"
Relative_time,` [Focal_participant A ship]'s [Target overdue]with one of my men on board .,"ERROR: 503 UNAVAILABLE. {'error': {'code': 503, 'message': 'This model is currently experiencing high demand. Spikes in demand are usually temporary. Please try again later.', 'status': 'UNAVAILABLE'}}"
Relative_time,"[Focal_occasion A reassessment of the work of these artists]is [Interval long][Target overdue]among western art historians , and many will find these paintings a revelation and a delight . ","[Focal_occasion En omvärdering av dessa konstnärers verk]är [Interval länge][Target på tiden]bland västerländska konsthistoriker, och många kommer att finna dessa målningar en uppenbarelse och en fröjd."
Relative_time,"Fulham were ordered to pay the [Target overdue][Focal_participant sum], amounting to £20 4s 5d , plus three guineas expenses , and Leeds were reprimanded for not taking money at the gates . ","ERROR: 503 UNAVAILABLE. {'error': {'code': 503, 'message': 'This model is currently experiencing high demand. Spikes in demand are usually temporary. Please try again later.', 'status': 'UNAVAILABLE'}}"
Relative_time,"Vet prize money is a [Interval long][Target overdue][Focal_occasion development], likely to add a new measure of excitement to the sharp end of the field . ","ERROR: 503 UNAVAILABLE. {'error': {'code': 503, 'message': 'This model is currently experiencing high demand. Spikes in demand are usually temporary. Please try again later.', 'status': 'UNAVAILABLE'}}"
Relative_time,The [Interval long][Target overdue][Focal_participant government guidelines on restraint in children 's homes]may have to be re-drafted .,"ERROR: 503 UNAVAILABLE. {'error': {'code': 503, 'message': 'This model is currently experiencing high demand. Spikes in demand are usually temporary. Please try again later.', 'status': 'UNAVAILABLE'}}"
Relative_time,` Nothing but [Target overdue][Focal_participant books]and kids fooling around .,"ERROR: 503 UNAVAILABLE. {'error': {'code': 503, 'message': 'This model is currently experiencing high demand. Spikes in demand are usually temporary. Please try again later.', 'status': 'UNAVAILABLE'}}"
Relative_time,There 's no doubt the timber framed house is making a [Interval long][Target overdue][Focal_occasion comeback].,"ERROR: 503 UNAVAILABLE. {'error': {'code': 503, 'message': 'This model is currently experiencing high demand. Spikes in demand are usually temporary. Please try again later.', 'status': 'UNAVAILABLE'}}"
Relative_time,"Perhaps fittingly , a member of the Joiner family is actively involved with the Trust , [Focal_occasion the formation][Focal_occasion of which]was [Interval long][Target overdue]. ","ERROR: 503 UNAVAILABLE. {'error': {'code': 503, 'message': 'This model is currently experiencing high demand. Spikes in demand are usually temporary. Please try again later.', 'status': 'UNAVAILABLE'}}"
Relative_time,"[Focal_occasion A truce]is [Interval long][Target overdue]. "" ",[Focal_occasion En vapenvila] är [Interval länge][Target på tiden].
Relative_time,[Focal_participant His examination results]were now [Target overdue].,[Focal_participant Hans examensresultat] var nu [Target försenade].
Relative_time,"[Focal_occasion A smile]was [Target overdue], but showed no sign of coming . ","[Focal_occasion Ett leende] var [Target på tiden], men visade inga tecken på att komma."
Relative_time,"[Focal_occasion A review of such a distortive system]is [Interval long][Target overdue]. "" ","ERROR: 503 UNAVAILABLE. {'error': {'code': 503, 'message': 'This model is currently experiencing high demand. Spikes in demand are usually temporary. Please try again later.', 'status': 'UNAVAILABLE'}}"
Relative_time,[Focal_occasion A radical reform of HMI]is [Interval long][Target overdue].,"ERROR: 503 UNAVAILABLE. {'error': {'code': 503, 'message': 'This model is currently experiencing high demand. Spikes in demand are usually temporary. Please try again later.', 'status': 'UNAVAILABLE'}}"
Relative_time,Mart officials say [Focal_occasion the move]is [Interval long][Target overdue].,"ERROR: 503 UNAVAILABLE. {'error': {'code': 503, 'message': 'This model is currently experiencing high demand. Spikes in demand are usually temporary. Please try again later.', 'status': 'UNAVAILABLE'}}"
Relative_time,Linighan was through on his own to shoot past Flowers for a somewhat [Target overdue][Focal_occasion first goal of the season].,"ERROR: 503 UNAVAILABLE. {'error': {'code': 503, 'message': 'This model is currently experiencing high demand. Spikes in demand are usually temporary. Please try again later.', 'status': 'UNAVAILABLE'}}"
Relative_time,"Before setting off again yesterday , he said : ` [Focal_participant We]are [Interval nine days][Target overdue]but it 's not a big problem . ","ERROR: 503 UNAVAILABLE. {'error': {'code': 503, 'message': 'This model is currently experiencing high demand. Spikes in demand are usually temporary. Please try again later.', 'status': 'UNAVAILABLE'}}"
Relative_time,"There is a feeling , especially among parliamentary critics of the Socialist government , that [Focal_participant the Prado]is being neglected , and is [Target overdue][Landmark_occasion a favour]. ","ERROR: 503 UNAVAILABLE. {'error': {'code': 503, 'message': 'This model is currently experiencing high demand. Spikes in demand are usually temporary. Please try again later.', 'status': 'UNAVAILABLE'}}"
Relative_time,[Focal_participant He]was [Interval hours][Target overdue]and completely exhausted .,"ERROR: 503 UNAVAILABLE. {'error': {'code': 503, 'message': 'This model is currently experiencing high demand. Spikes in demand are usually temporary. Please try again later.', 'status': 'UNAVAILABLE'}}"
Relative_time,"[Focal_occasion A letter to the Japanese ambassador in Washington , signed by all 100 members of the US Senate ,]had [Target preceded][Landmark_occasion what the US saw as Japan 's belated Aug. 5 commitment on sanctions]. ","[Focal_occasion Ett brev till den japanske ambassadören i Washington, undertecknat av alla 100 medlemmar i USA:s senat,][Target hade föregått][Landmark_occasion vad USA såg som Japans försenade åtagande den 5 augusti om sanktioner]."
Relative_time,"We have no hard evidence of the origins of language in prehistoric communities , but it seems reasonable to assume that [Focal_occasion speech][Target preceded][Landmark_occasion writing]and dialogue preceded monologue . ","ERROR: 503 UNAVAILABLE. {'error': {'code': 503, 'message': 'This model is currently experiencing high demand. Spikes in demand are usually temporary. Please try again later.', 'status': 'UNAVAILABLE'}}"
Relative_time,Over [Focal_occasion the many years][Target preceding][Landmark_occasion the period now being described]the ownership of properties and land in Combsburgh had changed hands many times .,Under [Focal_occasion de många åren][Target som föregick][Landmark_occasion den period som nu beskrivs]äganderätten till fastigheter och mark i Combsburgh hade bytt ägare många gånger.
Relative_time,"Wimlas Limited was formed in October , and now awaits [Focal_occasion an audit from the NACCB][Focal_occasion which]will [Target precede][Landmark_occasion a letter of authorisation to act as an assessor for European Technical Approvals]. ",Wimlas Limited bildades i oktober och avvaktar nu [Focal_occasion en revision från NACCB][Focal_occasion som]kommer att [Target föregå][Landmark_occasion ett auktorisationsbrev för att verka som bedömare för europeiska tekniska godkännanden].
Relative_time,"[Focal_occasion It][Target preceded][Landmark_occasion the building of the Crystal Palace for the Great Exhibition of 185 1], and served as an inspiration , if not a model , for it , but is actually superior to it in design . ","ERROR: 503 UNAVAILABLE. {'error': {'code': 503, 'message': 'This model is currently experiencing high demand. Spikes in demand are usually temporary. Please try again later.', 'status': 'UNAVAILABLE'}}"
Relative_time,It includes people who were domiciled in the United Kingdom on or after 10 December 1974 and within [Focal_occasion the three years][Interval immediately][Target preceding][Landmark_occasion the relevant time].,Det omfattar personer som hade hemvist i Förenade kungariket den 10 december 1974 eller senare och inom [Focal_occasion de tre åren][Interval omedelbart][Target före][Landmark_occasion den relevanta tidpunkten].
Relative_time,A member who made less than 10 per cent of the average number of dealings in [Focal_occasion the year][Interval immediately][Target preceding][Landmark_occasion the general meeting]may not exercise his voting right .,En medlem som gjorde mindre än 10 procent av det genomsnittliga antalet affärer i [Focal_occasion året][Interval omedelbart][Target föregående][Landmark_occasion bolagsstämman] får inte utöva sin rösträtt.
Relative_time,"And so although his early contributors had come from [Focal_occasion the European tradition][Focal_occasion which][Target preceded][Landmark_occasion the Great War], by the early Thirties he had come to rely more and more upon British contributors . ","Och så, även om hans tidiga bidragsgivare hade kommit från [Focal_occasion den europeiska traditionen][Focal_occasion som][Target föregick][Landmark_occasion det stora kriget], hade han i början av trettiotalet kommit att förlita sig mer och mer på brittiska bidragsgivare."
Relative_time,[Focal_occasion The plenum][Target preceded][Landmark_occasion the opening of a 60-day National Assembly session on March 20].,[Focal_occasion Plenum][Target föregick][Landmark_occasion öppnandet av en 60-dagars session i nationalförsamlingen den 20 mars].
Relative_time,[Focal_occasion The government 's 1990 White Paper][Focal_occasion which][Target preceded][Landmark_occasion the Criminal Justice Act 1991]was equally all-embracing .,[Focal_occasion Regeringens 1990 års vitbok][Focal_occasion som][Target föregick][Landmark_occasion 1991 års brottmålslag] var lika alltomfattande.
Relative_time,"Simeon 's revolt , like [Focal_occasion the one][Focal_occasion which][Target preceded][Landmark_occasion it][Interval sixty-six years before], was ruthlessly suppressed , but not before the Holy Land had once again been ravaged . ","Simeons uppror, liksom [Focal_occasion det][Focal_occasion som][Target föregick][Landmark_occasion det][Interval sextiosex år tidigare], slogs ner skoningslöst, men inte förrän Det heliga landet hade återigen härjats."
Relative_time,Patients reported about three times as many undesirable events in [Focal_occasion the six months][Target preceding][Landmark_occasion their illness]as the comparison group over the same period .,"ERROR: 503 UNAVAILABLE. {'error': {'code': 503, 'message': 'This model is currently experiencing high demand. Spikes in demand are usually temporary. Please try again later.', 'status': 'UNAVAILABLE'}}"
Relative_time,"[Focal_occasion The heavy bombardment]had not [Target preceded][Landmark_occasion a major advance by the enemy], as many had feared . ","[Focal_occasion Det tunga bombardemanget] hade inte [Target föregått][Landmark_occasion en större framryckning av fienden], som många hade fruktat ."
Relative_time,"Similarly , the fact that [Focal_occasion the increases in the money supply][Target precede][Landmark_occasion increases in money incomes]does not prove causality . ","Likaså , det faktum att [Focal_occasion ökningarna i penningmängden][Target föregår][Landmark_occasion ökningar i penninginkomster]bevisar inte orsakssamband ."
Relative_time,[Focal_occasion George Holmes][Target preceded][Landmark_occasion Francis Danby]in the extraordinary sensitivity with which he and his more famous countrymen recorded the Bristolian landscape .,[Focal_occasion George Holmes][Target föregick][Landmark_occasion Francis Danby]med den extraordinära känsligheten med vilken han och hans mer berömda landsmän skildrade det Bristoliska landskapet.
Relative_time,"In [Focal_occasion the centuries][Target preceding][Landmark_occasion the scientific renaissance in the West], Muslim scholars did far more than merely reproduce their heritage from the Greeks . ","Under [Focal_occasion seklen][Target föregående][Landmark_occasion den vetenskapliga renässansen i väst], gjorde muslimska lärda betydligt mer än att bara återge sitt arv från grekerna."
Relative_time,"This rally , on March 18 , drew a predominantly Russian and Polish crowd of at least 30,000 , and [Focal_occasion a similar exercise][Target preceded][Landmark_occasion further anti-independence demonstrations on March 27 and April 4]. ","ERROR: 503 UNAVAILABLE. {'error': {'code': 503, 'message': 'This model is currently experiencing high demand. Spikes in demand are usually temporary. Please try again later.', 'status': 'UNAVAILABLE'}}"
Relative_time,This established that [Focal_occasion a political settlement]had to [Target precede][Landmark_occasion agreements between the Soviet and DRA governments on the withdrawal of Soviet troops from Afghanistan].,Detta slog fast att [Focal_occasion en politisk uppgörelse] måste [Target föregå] [Landmark_occasion avtal mellan Sovjet- och DRA-regeringarna om tillbakadragandet av sovjetiska trupper från Afghanistan].
Relative_time,"[Focal_occasion Her death], however , [Target preceded][Landmark_occasion the publication][Interval by almost eighteen months]. ","ERROR: 503 UNAVAILABLE. {'error': {'code': 503, 'message': 'This model is currently experiencing high demand. Spikes in demand are usually temporary. Please try again later.', 'status': 'UNAVAILABLE'}}"
Relative_time,The French invasion plan of 1762 was very different from [Focal_occasion all those][Focal_occasion that]had [Target preceded][Landmark_occasion it].,Den franska invasionsplanen från 1762 var mycket annorlunda än [Focal_occasion alla de][Focal_occasion som]hade [Target föregått][Landmark_occasion den].
Relative_time,"[Focal_occasion The diplomacy]which must have [Target preceded][Landmark_occasion this match], and Cnut 's desire for it , imply worries about Robert 's attitude which were to prove well founded . ","[Focal_occasion Diplomatin] som måste ha [Target föregått][Landmark_occasion denna match], och Knuts önskan om den, antyder farhågor om Roberts attityd som skulle visa sig vara välgrundade."
Relative_time,"None the less , such a mass of available material has made nonsense of the old dream that [Landmark_occasion historical judgment]might , in principle , be [Target preceded][Focal_occasion by a complete survey of every available piece of evidence]. ",Icke desto mindre har en sådan mängd tillgängligt material grusat den gamla drömmen att [Landmark_occasion historisk bedömning] i princip skulle kunna [Target föregås][Focal_occasion av en komplett översikt över varje tillgängligt bevis].
Relative_time,"[Landmark_occasion The 6.45 screening]will be [Target preceded][Focal_occasion by a short film ` Writing in the Sands "" by Amber Film Productions]. ","ERROR: 503 UNAVAILABLE. {'error': {'code': 503, 'message': 'This model is currently experiencing high demand. Spikes in demand are usually temporary. Please try again later.', 'status': 'UNAVAILABLE'}}"
Relative_time,[Landmark_occasion The firing]is both [Target preceded]and followed [Focal_occasion by blatant cronyism].,"ERROR: 503 UNAVAILABLE. {'error': {'code': 503, 'message': 'This model is currently experiencing high demand. Spikes in demand are usually temporary. Please try again later.', 'status': 'UNAVAILABLE'}}"
Relative_time,[Landmark_occasion The visit to France]had been [Target preceded]in January [Focal_occasion by a brief stopover in the United Kingdom en route to the UN Security Council summit].,[Landmark_occasion Besöket i Frankrike] hade [Target föregåtts] i januari [Focal_occasion av en kort mellanlandning i Storbritannien på väg till toppmötet i FN:s säkerhetsråd].
Relative_time,"Translated into disciplinary terms , [Focal_occasion the study of international economic geography]should [Target precede][Landmark_occasion social geography and town planning]. ","Översatt i disciplinära termer, [Focal_occasion studiet av internationell ekonomisk geografi] bör [Target föregå][Landmark_occasion socialgeografi och stadsplanering]."
Relative_time,[Focal_occasion The declaration of intent][Focal_occasion which][Target precedes][Landmark_occasion these vows]implies a similar level of commitment and flexibility .,[Focal_occasion Avsiktsförklaringen][Focal_occasion som][Target föregår][Landmark_occasion dessa löften] innebär en liknande nivå av engagemang och flexibilitet.
Relative_time,"It involves [Landmark_occasion an arduous ten kilometre run][Target preceded][Focal_occasion by a long assault course], against the clock , finishing with a shoot on the firing range . ","Det innefattar [Landmark_occasion en mödosam tiokilometerslöpning][Target föregås][Focal_occasion av en lång hinderbana], mot klockan, och avslutas med en skjutning på skjutbanan."
Relative_time,Yet [Landmark_occasion the broader developments]were in some ways [Target preceded][Focal_occasion by an important new kind of cultural formation which has to be distinguished from national groups].,Ändå [Landmark_occasion den bredare utvecklingen] var på vissa sätt [Target föregicks] [Focal_occasion av en viktig ny typ av kulturell formation som måste särskiljas från nationella grupper].
Relative_time,"According to what has been previously mentioned , than AL-QAEDA secures the pledge of its followers , which includes [Landmark_occasion commitment to its policies and objectives][Target preceded][Focal_occasion by the commander 's ( Amir ) pledge].","Enligt vad som tidigare har nämnts, så säkrar AL-QAEDA sina följares trohet, vilket inkluderar [Landmark_occasion engagemang för dess politik och mål][Target föregått][Focal_occasion av befälhavarens (Amir) löfte]."
Relative_time,There is a further important refinement to the [Target preceding][Focal_occasion discussion]that must now be addressed .,Det finns en ytterligare viktig precisering till den [Target föregående][Focal_occasion diskussion] som nu måste tas upp.
Relative_time,"To conclude , it would be useful to reconsider these categories in the light of the [Target preceding][Focal_occasion discussion]. ",Sammanfattningsvis skulle det vara användbart att ompröva dessa kategorier i ljuset av den [Target föregående][Focal_occasion diskussion].
Relative_time,"The [Target preceding][Focal_occasion discussion]applies not only to jurisdictional errors of law but to all heads of illegality which render a decision ultra vires , including breach of natural justice . ","Den [Target föregående][Focal_occasion diskussionen]gäller inte bara behörighetsfel utan alla grunder för olaglighet som gör ett beslut ultra vires, inklusive brott mot rättssäkerhetsprinciperna."
Relative_time,"It may be useful at this stage to attempt a schematic synopsis of some of the points raised in the [Target preceding][Focal_occasion discussion], a map showing certain potentially fruitful sites of struggle . ","Det kan vara användbart i detta skede att försöka ge en schematisk sammanfattning av några av de punkter som tagits upp i den [Target föregående][Focal_occasion diskussionen], en karta som visar vissa potentiellt fruktbara stridsplatser."
Relative_time,All of the [Target preceding][Focal_occasion discussion and recommendations]have implications not only for the content of Primary Language courses but also for their organisation .,Alla de [Target föregående][Focal_occasion diskussionerna och rekommendationerna] får följder inte bara för innehållet i modersmålskurser utan också för deras organisation.
Relative_time,Most of the [Target preceding][Focal_occasion discussion]deals with accommodation and adaptation at the phonological level .,Största delen av [Target preceding][Focal_occasion diskussionen] handlar om ackommodation och adaptation på den fonologiska nivån.
Relative_time,"However , it will have become clear from the [Target preceding][Focal_occasion discussion]that purely convergent or transform movement is unlikely to occur except along short sections of a plate boundary . ","Emellertid, det torde ha framgått ur den [Target föregående][Focal_occasion diskussionen] att rent konvergent eller transform rörelse sannolikt inte förekommer utom längs korta sektioner av en plattgräns."
Relative_time,Christmas in the music business brings a retrospective look at the best and worst moments of the [Target preceding][Focal_occasion year].,Julen inom musikbranschen medför en tillbakablick på de bästa och sämsta ögonblicken under det [Target föregående][Focal_occasion år].
Relative_time,"However , problems stemming from its lack of use in the [Target preceding][Focal_occasion year]became apparent later . ","Emellertid, problem som härrörde från dess bristande användning under det [Target föregående][Focal_occasion året] blev uppenbara senare."
Relative_time,But the world of chapter 26 is not only familiar to us from the [Target preceding][Focal_occasion chapters of Genesis].,"ERROR: 503 UNAVAILABLE. {'error': {'code': 503, 'message': 'This model is currently experiencing high demand. Spikes in demand are usually temporary. Please try again later.', 'status': 'UNAVAILABLE'}}"
Relative_time,"MARCH quarter results for the six gold mines in the Gold Fields of South Africa stable , are down marginally on the [Target preceding][Focal_occasion quarter]. ","Resultaten för marskvartalet för de sex guldgruvorna i Sydafrikas guldfält är stabila, men är marginellt ned jämfört med det [Target föregående][Focal_occasion kvartal]."
Relative_time,The concept of a separation of science from religion during the seventeenth century implies that during [Target preceding][Focal_occasion centuries]there had been a fusion .,"ERROR: 503 UNAVAILABLE. {'error': {'code': 503, 'message': 'This model is currently experiencing high demand. Spikes in demand are usually temporary. Please try again later.', 'status': 'UNAVAILABLE'}}"
Relative_time,"The longer the [Target preceding][Focal_occasion REM sleep period]before the awakening , the larger the number of words the subjects tended to use . ","ERROR: 503 UNAVAILABLE. {'error': {'code': 503, 'message': 'This model is currently experiencing high demand. Spikes in demand are usually temporary. Please try again later.', 'status': 'UNAVAILABLE'}}"
Relative_time,"Speaker J , in his [Target preceding][Focal_occasion contribution], has talked about the money received for his work at a particular point in the past . ","Talare J, i sitt [Target föregående][Focal_occasion bidrag], har talat om pengarna som mottagits för sitt arbete vid en viss tidpunkt i det förflutna."
Relative_time,"When participant M speaks again near the end , she does not return to her ` holiday "" or ` Old Aberdeen "" , but makes her contribution relate closely to L's immediately [Target preceding][Focal_occasion remarks]. ","När deltagare M talar igen mot slutet, återgår hon inte till sin ""semester"" eller ""Gamla Aberdeen"", utan får sitt bidrag att nära anknyta till L:s omedelbart [Target föregående][Focal_occasion uttalanden]."
Relative_time,"The material in the [Target preceding][Focal_occasion section]will be seen by some as both uncontroversial and trivial , but it forms a basic backcloth for the argument being developed in this book . ","Materialet i det [Target föregående][Focal_occasion avsnittet] kommer att ses av vissa som både okontroversiellt och trivialt, men det utgör en grundläggande bakgrund för argumentet som utvecklas i denna bok."
Relative_time,This explanation is consistent with the finding that monitoring latencies were considerably slower in the two conditions where [Target preceding][Focal_occasion words]were of considerably less help in predicting target words .,"ERROR: 503 UNAVAILABLE. {'error': {'code': 503, 'message': 'This model is currently experiencing high demand. Spikes in demand are usually temporary. Please try again later.', 'status': 'UNAVAILABLE'}}"
Relative_time,But this renewed social concern benefitted from the lessons of the [Target preceding][Focal_occasion decades]by being more realistic -- and so arguably achieving more .,"ERROR: 503 UNAVAILABLE. {'error': {'code': 503, 'message': 'This model is currently experiencing high demand. Spikes in demand are usually temporary. Please try again later.', 'status': 'UNAVAILABLE'}}"
Relative_time,"Cohesive markers are not always necessary , but where you find sentences without evident markers , it may be useful to inspect them closely to be certain that the relationship with the [Target preceding][Focal_occasion sentence]is sufficiently clear . ","ERROR: 503 UNAVAILABLE. {'error': {'code': 503, 'message': 'This model is currently experiencing high demand. Spikes in demand are usually temporary. Please try again later.', 'status': 'UNAVAILABLE'}}"
Relative_time,"The [Target preceding][Focal_occasion chapter]concentrated on party divisions at the level of the elite , looking at the structure of Parliamentary politics under William and Anne and the nature of the ideological disputes between Whigs and Tories . ","ERROR: 503 UNAVAILABLE. {'error': {'code': 503, 'message': 'This model is currently experiencing high demand. Spikes in demand are usually temporary. Please try again later.', 'status': 'UNAVAILABLE'}}"
Relative_time,"Arab rule , like that of the [Target preceding][Focal_occasion conquerors], meant involvement in the wider fortunes of empires and dynasties around the Mediterranean . ","ERROR: 503 UNAVAILABLE. {'error': {'code': 503, 'message': 'This model is currently experiencing high demand. Spikes in demand are usually temporary. Please try again later.', 'status': 'UNAVAILABLE'}}"
Relative_time,But the Pisan ordeal had shocked Pound into recovering a compassion and tenderness which we look for mostly in vain in the Pound of [Focal_occasion the years][Target preceding].,"ERROR: 503 UNAVAILABLE. {'error': {'code': 503, 'message': 'This model is currently experiencing high demand. Spikes in demand are usually temporary. Please try again later.', 'status': 'UNAVAILABLE'}}"
Relative_time,"` Increases are based on retail price rises at the [Target preceding][Focal_occasion September], "" said Mr Brooke . ","Ökningar baseras på detaljhandelsprisökningar vid [Target föregående][Focal_occasion september], "" sade herr Brooke ."
Relative_time,"Only 343 cases were diagnosed and reported in 1991 ( provisional data ) in men aged 15 years or over , fewer than in any of the [Target preceding][Focal_occasion 10 years]. ","ERROR: 503 UNAVAILABLE. {'error': {'code': 503, 'message': 'This model is currently experiencing high demand. Spikes in demand are usually temporary. Please try again later.', 'status': 'UNAVAILABLE'}}"
Relative_time,"In [Focal_occasion the days][Target preceding][Landmark_occasion the ceremony]Shinto and military targets had been bombed or attacked with homemade rockets , resulting in the death of a policeman on Nov. 2 . ","ERROR: 503 UNAVAILABLE. {'error': {'code': 503, 'message': 'This model is currently experiencing high demand. Spikes in demand are usually temporary. Please try again later.', 'status': 'UNAVAILABLE'}}"
Relative_time,"In [Focal_occasion disturbances][Target preceding][Landmark_occasion the takeover], the former Prime Minister V. P. Singh had been briefly arrested near Ayodhya on Oct. 29 after protesting against moves to build a Hindu temple on the site . ",Under [Focal_occasion oroligheter][Target inför][Landmark_occasion övertagandet] hade den förre premiärministern V. P. Singh gripits kortvarigt nära Ayodhya den 29 oktober efter att ha protesterat mot planer att bygga ett hinduiskt tempel på platsen.
Relative_time,"Valentinian 's immediate successor , Petronius Maximus , was killed in [Focal_occasion the commotion][Target preceding][Landmark_occasion the Vandal sack of Rome in 455]. ","Valentinianus' närmaste efterträdare, Petronius Maximus, dödades i [Focal_occasion tumultet][Target som föregick][Landmark_occasion vandalernas plundring av Rom år 455]."
Relative_time,The pre-head is composed of all the unstressed syllables in [Focal_occasion a tone-unit][Target preceding][Landmark_occasion the first stressed syllable].,Prehuvudet består av alla obetonade stavelser i [Focal_occasion en tonenhet][Target före][Landmark_occasion den första betonade stavelsen].
Relative_time,In the first place [Focal_occasion the setting up of machinery for examination and selection][Target predates][Landmark_occasion the creation of means to plan and develop curriculum].,Till att börja med [Focal_occasion installationen av maskiner för granskning och urval][Target föregår][Landmark_occasion skapandet av medel för att planera och utveckla läroplaner].
Relative_time,"As at other sites , [Focal_occasion the trace metal contamination -- first lead , then zinc --][Target predated][Landmark_occasion the onset of acidification][Interval by a few decades]. ","Som på andra platser, [Focal_occasion spårmetallföroreningen -- först bly, sedan zink --][Target föregick][Landmark_occasion inledningen av försurningen][Interval med några årtionden]."
Relative_time,[Focal_occasion Only the older dons][Target predated][Landmark_occasion Boris].,"ERROR: 503 UNAVAILABLE. {'error': {'code': 503, 'message': 'This model is currently experiencing high demand. Spikes in demand are usually temporary. Please try again later.', 'status': 'UNAVAILABLE'}}"
Relative_time,[Focal_occasion Nuclear nervousness][Target predates][Landmark_occasion Chernobyl]; but what happened there greatly strengthened it .,"ERROR: 503 UNAVAILABLE. {'error': {'code': 503, 'message': 'This model is currently experiencing high demand. Spikes in demand are usually temporary. Please try again later.', 'status': 'UNAVAILABLE'}}"
Relative_time,[Focal_occasion Many of the differences identified][Target predate][Landmark_occasion the emergence of any specific schizophrenic symptoms].,[Focal_occasion Många av de identifierade skillnaderna][Target föregår][Landmark_occasion uppkomsten av några specifika schizofrena symptom].
Relative_time,"The economy was in a less parlous state than it appeared and [Focal_occasion economic recovery]really [Target predated][Landmark_occasion the establishment of the Federal Republic], though it took some time for full employment to appear . ","ERROR: 503 UNAVAILABLE. {'error': {'code': 503, 'message': 'This model is currently experiencing high demand. Spikes in demand are usually temporary. Please try again later.', 'status': 'UNAVAILABLE'}}"
Relative_time,"They stressed German title to the lands of Pomerania , Silesia and central Poland , saying that [Focal_occasion German settlement]had [Target predated][Landmark_occasion Slav settlement]. ","De betonade tysk överhöghet till områdena Pommern, Schlesien och centrala Polen, och sade att [Focal_occasion tysk bosättning]hade [Target föregått][Landmark_occasion slavisk bosättning]."
Relative_time,[Landmark_occasion This story]is [Target predated][Focal_occasion by a legend about a giant who kept pigs on Penhill before the founding of the abbey at Jervaulx in 1156].,"ERROR: 503 UNAVAILABLE. {'error': {'code': 503, 'message': 'This model is currently experiencing high demand. Spikes in demand are usually temporary. Please try again later.', 'status': 'UNAVAILABLE'}}"
Relative_time,"A single browser , the limpet Patinigera polaris , lived mainly below low-tide mark but emerged to scour the whole zone ; [Landmark_occasion those close to sea level]were [Target predated][Focal_occasion by dominican gulls Larus dominicanus]. ","En enda betare, patellidan Patinigera polaris, levde huvudsakligen under lågvattenmärket men dök upp för att beta av hela zonen; [Landmark_occasion de nära havsnivån] blev [Target predaterade] [Focal_occasion av dominikanska måsar Larus dominicanus]."
Relative_time,"The first truly indigenous press was almost certainly that of Egypt , which began to appear during the nineteenth century ; but [Focal_occasion it][Target predated][Landmark_occasion black Africa 's press][Interval by only a few years]. ","Den första verkligt inhemska pressen var nästan säkert Egyptens, som började dyka upp under artonhundratalet; men [Focal_occasion den][Target föregick][Landmark_occasion svarta Afrikas press][Interval med endast några få år]."
Relative_time,[Focal_occasion The asylums]had of course [Interval long][Target predated][Landmark_occasion the bifurcation of health and welfare in the centralized system].,[Focal_occasion Asylerna] hade naturligtvis [Interval länge][Target föregått][Landmark_occasion uppdelningen av hälsa och välfärd i det centraliserade systemet].
Relative_time,"Because [Focal_occasion these cycles][Target predate][Interval by centuries][Landmark_occasion the era of realism], Barth has managed to side-step the issue of narrative truth and retain some notion of the marvellous . ","Eftersom [Focal_occasion dessa cykler][Target föregår][Interval med århundraden][Landmark_occasion realismens era], har Barth lyckats kringgå frågan om narrativ sanning och behålla en viss föreställning om det förunderliga."
Relative_time,"Mr Baker said it would be ` exceedingly difficult "" for Mr Gorbachev to revitalise the Soviet economy but it was [Target premature][Focal_occasion to predict failure]. ",Herr Baker sade att det skulle bli `oerhört svårt` för Herr Gorbatjov att vitalisera den sovjetiska ekonomin men det var [Target för tidigt][Focal_occasion att förutsäga misslyckande].
Relative_time,It is also [Target premature][Focal_occasion to assume that the single European market means that rival continental financial centres will deliberately keep regulatory standards below London 's].,Det är också [Target för tidigt][Focal_occasion att anta att den gemensamma europeiska marknaden innebär att rivaliserande kontinentala finanscentra medvetet kommer att hålla regleringsstandarderna under Londons].
Relative_time,"The State Department is murmuring that it is ` [Target premature][Focal_occasion to speculate "" on the long-term implications of the coup]. ","Utrikesdepartementet mumlar att det är ` [Target för tidigt][Focal_occasion att spekulera "" om de långsiktiga konsekvenserna av kuppen]."
Relative_time,"It may be [Target premature][Focal_occasion to assign the Newton St. Loe mosaic to such a school]: indeed , given the vagueries of stylistic relationships in this region it might be rash . ","Det kan vara [Target förhastat][Focal_occasion att tilldela Newton St. Loe-mosaiken till en sådan skola]: faktiskt, med tanke på osäkerheterna kring de stilistiska relationerna i denna region kan det vara förhastat."
Relative_time,He said it was [Target premature][Focal_occasion to make further comment].,"ERROR: 503 UNAVAILABLE. {'error': {'code': 503, 'message': 'This model is currently experiencing high demand. Spikes in demand are usually temporary. Please try again later.', 'status': 'UNAVAILABLE'}}"
Relative_time,"Of course , it is [Target premature][Focal_occasion to propose Mr Lang to the Pope for canonisation]. ","Självklart, det är [Target för tidigt][Focal_occasion att föreslå Herr Lang till påven för kanonisering]."
Relative_time,"However , [Focal_occasion the discontinuation of BCG vaccination for teenagers]is [Target premature]for a number of reasons . ",Dock är [Focal_occasion upphörandet av BCG-vaccination för tonåringar] [Target för tidigt] av ett antal skäl.
Relative_time,"` I think it is [Interval a little][Target premature]at this stage [Focal_occasion to be dreaming of a green Christmas], "" Mr Gould added . ","ERROR: 503 UNAVAILABLE. {'error': {'code': 503, 'message': 'This model is currently experiencing high demand. Spikes in demand are usually temporary. Please try again later.', 'status': 'UNAVAILABLE'}}"
Relative_time,The Government have made it clear that [Focal_occasion a decision on the site]would be [Target premature]at this stage .,"ERROR: 503 UNAVAILABLE. {'error': {'code': 503, 'message': 'This model is currently experiencing high demand. Spikes in demand are usually temporary. Please try again later.', 'status': 'UNAVAILABLE'}}"
Relative_time,He said there was a great deal of consultation and investigation to be undertaken and [Focal_participant the bus managers]were being [Target premature][Focal_occasion in their reaction].,Han sade att det var en hel del konsultationer och utredningar att utföras och [Focal_participant busscheferna] var [Target förhastade][Focal_occasion i deras reaktion].
Relative_time,[Focal_participant Ocean-mining companies]would be [Target premature][Focal_occasion in thinking that this offers a solution to their problems].,"ERROR: 503 UNAVAILABLE. {'error': {'code': 503, 'message': 'This model is currently experiencing high demand. Spikes in demand are usually temporary. Please try again later.', 'status': 'UNAVAILABLE'}}"
Relative_time,But [Focal_participant the financial press]was [Target premature][Focal_occasion in reporting Cork Gully 's appointment as liquidator].,Men [Focal_participant finanspressen] var [Target för tidig] [Focal_occasion med att rapportera Cork Gullys utnämning till likvidator].
Relative_time,"Against this lobby was ranged another , dedicated to defending hard-pressed parents against [Target premature][Focal_occasion judgements about their competence and commitment], the largest organization of which was the Family Rights Group . ","Mot denna lobby stod en annan, som ägnade sig åt att försvara hårt ansatta föräldrar mot [Target förhastade][Focal_occasion bedömningar om deras kompetens och engagemang], vars största organisation var Family Rights Group."
Relative_time,The [Target premature][Focal_occasion closing of the museum]was strange .,Den [Target för tidiga][Focal_occasion stängningen av museet]var märklig .
Relative_time,"Some say cooking in aluminium foil presents a risk of the metal depositing in the food , not a pleasant prospect in view of the evidence of aluminium poisoning resulting in [Target premature][Focal_occasion senility or Alzheimer 's Disease]. ","Vissa säger att matlagning i aluminiumfolie medför en risk för att metallen avsätter sig i maten, ingen angenäm utsikt med tanke på bevisen för aluminiumförgiftning som leder till [Target för tidig][Focal_occasion senilitet eller Alzheimers sjukdom]."
Relative_time,"But even Med-type , non-sensitive skins need sun-protection against [Target premature][Focal_occasion ageing]. ","Men även Med-typ , icke-känslig hud behöver solskydd mot [Target för tidigt][Focal_occasion åldrande]."
Relative_time,But the gain hardly offset the [Target premature][Focal_occasion revelation to the Germans of this promising new weapon].,Men vinsten uppvägde knappast det [Target för tidiga][Focal_occasion avslöjandet för tyskarna av detta lovande nya vapen].
Relative_time,"In a world ranking of [Target premature][Focal_occasion death before the age of 60], Northern Ireland and Scotland are near the top and England and Wales are about a third of the way down . ","I en världsranking av [Target förtida][Focal_occasion död före 60 års ålder], ligger Nordirland och Skottland nära toppen och England och Wales ligger ungefär en tredjedel ner."
Relative_time,The time has come to consider target reductions in [Target premature][Focal_occasion deaths from strokes and heart disease]; the great waster of life in a modern society .,Tiden är inne att överväga målsatta minskningar av [Target för tidiga][Focal_occasion dödsfall på grund av stroke och hjärtsjukdom]; den stora livsslösaren i ett modernt samhälle.
Relative_time,"While the outbreak directed media attention to pollution in the North Sea , [Focal_occasion ascribing the guilt to pollution]was [Target premature]. ","Även om utbrottet riktade medieuppmärksamheten mot föroreningar i Nordsjön, [Focal_occasion att lägga skulden på föroreningar] var [Target förhastat]."
Relative_time,"[Focal_occasion Such criticism]was [Target premature], as it is now clear that in many parts of the world long dead-straight trackways were laid out and , in several cases , are still used . ","[Focal_occasion Sådan kritik] var [Target förhastad], då det nu står klart att i många delar av världen långa spikraka spår lades ut och, i flera fall, fortfarande används."
Relative_time,[Focal_occasion The celebrations]are [Target premature].,[Focal_occasion Festligheterna] är [Target för tidiga].
Relative_time,"[Focal_occasion The demand]was [Target premature], because it was made and served before the expiration of a month from the 31 July bill . ","[Focal_occasion Kravet] var [Target för tidigt], eftersom det framställdes och delgavs före utgången av en månad från den 31 juli-räkningen."
Relative_time,I consider [Focal_occasion the hon. Gentleman 's remarks][Degree a little][Target premature].,Jag anser [Focal_occasion den ärade ledamotens yttranden][Degree en aning][Target för tidiga].
Relative_time,And just exactly [Interval how many weeks][Target premature]is [Focal_participant this baby]?,Och precis [Interval hur många veckor][Target för tidigt] är [Focal_participant den här bebisen]?
Relative_time,Mr Clarke told the FBU leaders that [Focal_occasion industrial action]was [Target premature]because firefighters were not due to settle their claim until November .,Herr Clarke sade till FBU-ledarna att [Focal_occasion stridsåtgärder] var [Target förhastat] eftersom brandmännen inte skulle slutföra sitt krav förrän i november.
Relative_time,"The BBC would say only that [Focal_occasion the speculation]was ` [Target premature]"" . ",BBC ville bara säga att [Focal_occasion spekulationen] var ` [Target för tidig]` .
Relative_time,"` I had been to see him the [Target previous][Focal_occasion day], and arranged that he come and teach me Dutch . ","Jag hade varit och träffat honom den [Target förra][Focal_occasion dagen], och ordnat så att han skulle komma och lära mig holländska ."
Relative_time,"Tamar found the side-saddle strange at first , but her [Target previous][Focal_occasion experience]stood her in good stead . ","Tamar tyckte sidsadeln var konstig till en början, men hennes [Target tidigare][Focal_occasion erfarenhet] kom henne väl till pass."
Relative_time,In 1990 this involved scaling Mont Blanc with no [Target previous][Focal_occasion mountaineering experience].,1990 innebar detta att bestiga Mont Blanc utan någon [Target tidigare][Focal_occasion bergsklättrarerfarenhet].
Relative_time,Those with [Target previous][Focal_occasion piping or drumming experience]can join the OTC Pipes and Drums .,"ERROR: 503 UNAVAILABLE. {'error': {'code': 503, 'message': 'This model is currently experiencing high demand. Spikes in demand are usually temporary. Please try again later.', 'status': 'UNAVAILABLE'}}"
Relative_time,"According to the organisers no [Target previous][Focal_occasion dancing experience]is needed for the classes , which they say will also provide plenty of exercise and the opportunity to meet new friends . ","ERROR: 503 UNAVAILABLE. {'error': {'code': 503, 'message': 'This model is currently experiencing high demand. Spikes in demand are usually temporary. Please try again later.', 'status': 'UNAVAILABLE'}}"
Relative_time,"Like [Target previous][Focal_occasion government action to boost the native film industry], Eady strengthened the ties between British and American production . ","Liksom [Target tidigare][Focal_occasion regeringsåtgärd för att främja den inhemska filmindustrin], stärkte Eady banden mellan brittisk och amerikansk produktion."
Relative_time,"New Zealand 's [Target previous][Focal_occasion Labour government]found itself unable to complete the job of economic liberalisation , and its members bickered among themselves . ","ERROR: 503 UNAVAILABLE. {'error': {'code': 503, 'message': 'This model is currently experiencing high demand. Spikes in demand are usually temporary. Please try again later.', 'status': 'UNAVAILABLE'}}"
Relative_time,"The five parties of the [Target previous][Focal_occasion coalition government], dissolved on March 29 [ see p. 38114 ] , appeared to have found common ground for continuing their coalition , in power since the 1987 elections . ","De fem partierna i den [Target tidigare][Focal_occasion koalitionsregeringen], upplöst den 29 mars [ se s. 38114 ], verkade ha hittat en gemensam grund för att fortsätta sin koalition, vid makten sedan valet 1987."
Relative_time,"Compared with the [Target previous][Focal_occasion week], there was a trebling in the rate of flu and a doubling of the rate of flu-like illness . ","Jämfört med den [Target förra][Focal_occasion veckan], noterades en tredubbling av antalet influensafall och en fördubbling av antalet influensaliknande sjukdomsfall."
Relative_time,"Associated Press reported on Nov. 29 that only 100 people had accepted the amnesty offer , while 150 more people had been arrested the [Target previous][Focal_occasion week], adding to thousands of FIS supporters detained without trial . ","ERROR: 503 UNAVAILABLE. {'error': {'code': 503, 'message': 'This model is currently experiencing high demand. Spikes in demand are usually temporary. Please try again later.', 'status': 'UNAVAILABLE'}}"
Relative_time,"It was voluntary for others at that stage , though from last year those transferring to fellowship had to show their CPD record for the [Target previous][Focal_occasion three years]. ","Det var frivilligt för andra i det skedet, även om sedan förra året de som övergick till medlemskap måste visa sin CPD-journal för de [Target tidigare][Focal_occasion tre åren]."
Relative_time,"Waxing , a more traditional English technique employed by those unable or unwilling to undertake french polishing , ousted the latter by the 1920s , having run alongside it for the [Target previous][Focal_occasion forty years]. ","Vaxning, en mer traditionell engelsk teknik som användes av dem som var oförmögna eller ovilliga att utföra schellackpolering, trängde undan den senare på 1920-talet, efter att ha löpt parallellt med den under de [Target föregående][Focal_occasion fyrtio åren]."
Relative_time,"Attendance was considerably higher than in [Target previous][Focal_occasion years], with over 1,000 visitors per day . ","Besöksantalet var betydligt högre än under [Target tidigare][Focal_occasion år], med över 1 000 besökare per dag."
Relative_time,"All things considered , he departed for Aix in that summer of 1924 in calmer mind than in either of the two [Target previous][Focal_occasion years]. ","Allt sammantaget, han for till Aix den sommaren 1924 med lugnare sinne än under någon av de två [Target tidigare][Focal_occasion år]."
Relative_time,Material needs to arrive by the 8th of [Focal_occasion the month][Target previous][Landmark_occasion to publication].,Material måste anlända senast den 8:e i [Focal_occasion månaden][Target föregående][Landmark_occasion inför publicering].
Relative_time,These rates were an average of their piecework earnings in [Focal_occasion the three weeks][Target previous][Landmark_occasion to the job change].,"ERROR: 503 UNAVAILABLE. {'error': {'code': 503, 'message': 'This model is currently experiencing high demand. Spikes in demand are usually temporary. Please try again later.', 'status': 'UNAVAILABLE'}}"
Relative_time,"[Target Previous][Landmark_occasion to my arrival in Sydney], [Focal_occasion I was at a stage of uncertainty as to what I did and did not believe]. ","[Target Previous][Landmark_occasion Inför min ankomst till Sydney], [Focal_occasion jag befann mig i en fas av osäkerhet angående vad jag trodde och inte trodde]."
Relative_time,For [Focal_occasion two years][Target previous][Landmark_occasion to the war]I had been painting ; before that I was a school master teaching drawing and painting .,I [Focal_occasion två år][Target före][Landmark_occasion kriget] hade jag målat; innan dess var jag skollärare som undervisade i teckning och måleri.
Relative_time,Just [Target previous][Landmark_occasion to our visit to this latter small harbour][Focal_occasion a well known German smuggling vessel had been coopering off the coast and local boats had been landing cases of spirits].,Precis [Target tidigare][Landmark_occasion innan vårt besök i denna senare lilla hamn][Focal_occasion ett välkänt tyskt smugglingsfartyg hade legat och 'coopererat' utanför kusten och lokala båtar hade landsatt lådor med sprit].
Relative_time,"Of course , much survey and exploratory work on the North Sea Oil fields had been carried out in [Focal_occasion the years][Target previous][Landmark_occasion to our patrols]. ","ERROR: 503 UNAVAILABLE. {'error': {'code': 503, 'message': 'This model is currently experiencing high demand. Spikes in demand are usually temporary. Please try again later.', 'status': 'UNAVAILABLE'}}"
Relative_time,"The abundant rains that came in [Focal_occasion the weeks][Target previous][Landmark_occasion to Gould 's arrival]had attracted birds in their thousands , some nf which had never been seen in the area before . ","De rikliga regnen som kom under [Focal_occasion veckorna][Target före][Landmark_occasion Goulds ankomst]hade lockat tusentals fåglar, varav några aldrig hade setts i området tidigare."
Relative_time,Nor could she have said what made her so positive about this assumption that had become a fixture in her head -- unless it was the fact of Silas 's [Target previous][Focal_occasion near engagement to Doreen].,Inte heller kunde hon ha sagt vad som gjorde henne så positiv till detta antagande som hade blivit en fix idé i hennes huvud -- om det inte var det faktum att Silas [Target tidigare][Focal_occasion nära förestående förlovning med Doreen].
Relative_time,He admitted his [Target previous][Focal_occasion contacts with Communist and Marxist writers]but refused to say who else was present .,Han medgav sina [Target tidigare][Focal_occasion kontakter med kommunistiska och marxistiska författare] men vägrade att säga vilka andra som var närvarande.
Relative_time,"The girls came into school discussing the merits of a programme they had seen the [Target previous][Focal_occasion evening], a ` religious "" programme , Meeting Point , which had been about pre-marital sex . ","ERROR: 503 UNAVAILABLE. {'error': {'code': 503, 'message': 'This model is currently experiencing high demand. Spikes in demand are usually temporary. Please try again later.', 'status': 'UNAVAILABLE'}}"
Relative_time,It was the manuscript of Lord Byron 's poem which I had retrieved from the floor on the [Target previous][Focal_occasion evening].,"ERROR: 503 UNAVAILABLE. {'error': {'code': 503, 'message': 'This model is currently experiencing high demand. Spikes in demand are usually temporary. Please try again later.', 'status': 'UNAVAILABLE'}}"
Relative_time,[Target Previous][Focal_occasion studies]have tended to concentrate almost exclusively on scientists ' choices between different theories or explanations since such choices were regarded as the characteristic feature of science .,"ERROR: 503 UNAVAILABLE. {'error': {'code': 503, 'message': 'This model is currently experiencing high demand. Spikes in demand are usually temporary. Please try again later.', 'status': 'UNAVAILABLE'}}"
Relative_time,"[Target Previous][Focal_occasion discussions]had been inconclusive , and the initial response of the British cabinet in the autumn of 1950 was cool . ","ERROR: 503 UNAVAILABLE. {'error': {'code': 503, 'message': 'This model is currently experiencing high demand. Spikes in demand are usually temporary. Please try again later.', 'status': 'UNAVAILABLE'}}"
Relative_time,Every horse owner seems to have their own theory or treatment which has worked on [Target previous][Focal_occasion injuries]and the veterinary profession can not agree on a common treatment .,"ERROR: 503 UNAVAILABLE. {'error': {'code': 503, 'message': 'This model is currently experiencing high demand. Spikes in demand are usually temporary. Please try again later.', 'status': 'UNAVAILABLE'}}"
Relative_time,"The racial card has been used to effect in [Target previous][Focal_occasion New York elections], but in Mr Giuliani 's case he is being criticised as an opportunist for his attacks on the city 's first black Democratic nominee . ","ERROR: 503 UNAVAILABLE. {'error': {'code': 503, 'message': 'This model is currently experiencing high demand. Spikes in demand are usually temporary. Please try again later.', 'status': 'UNAVAILABLE'}}"
Relative_time,The [Target previous][Focal_occasion three landings attempted using the integral landing skid]resulted in three sets of broken rotors !,"ERROR: 503 UNAVAILABLE. {'error': {'code': 503, 'message': 'This model is currently experiencing high demand. Spikes in demand are usually temporary. Please try again later.', 'status': 'UNAVAILABLE'}}"
Relative_time,"Winner of his [Target previous][Focal_occasion six races], and fitted out in the Arkle colours of Anne Duchess of Westminster , he broke his elbow in a fall at the seventh fence and was destroyed . ","ERROR: 503 UNAVAILABLE. {'error': {'code': 503, 'message': 'This model is currently experiencing high demand. Spikes in demand are usually temporary. Please try again later.', 'status': 'UNAVAILABLE'}}"
Relative_time,"In 2003 , Libya admitted its [Target previous][Focal_occasion intentions]to acquire equipment needed to produce biological weapons ( BW ) . ",År 2003 erkände Libyen sina [Target tidigare][Focal_occasion avsikter] att förvärva utrustning som behövdes för att producera biologiska vapen ( BV ).
Relative_time,"First , was the experience gained in missile operations during the [Target previous][Focal_occasion three years], especially by the Missile Unit of the IRGC Air Force .","ERROR: 503 UNAVAILABLE. {'error': {'code': 503, 'message': 'This model is currently experiencing high demand. Spikes in demand are usually temporary. Please try again later.', 'status': 'UNAVAILABLE'}}"
Relative_time,QN : Have there been [Target previous][Focal_occasion negotiations]between Israel and the Palestinian authority ?,QN : Har det förekommit [Target tidigare][Focal_occasion förhandlingar] mellan Israel och den palestinska myndigheten ?
Relative_time,"Due to challenges posed by a limited source of indigenously produced precursors for CW agents , it is believed that North Korea emphasizes production of phosgene , mustard , sarin , and V - agents. ( [Target Previous][Focal_occasion reports]have also alleged a large stock of sarin nerve agent. ) In 2001 , it was estimated that there are 12 facilities in the DPRK where raw chemicals , precursors , and CW agents are produced and / or stored .","På grund av utmaningar som uppstår med en begränsad källa till inhemskt producerade prekursorer för kemiska stridsmedel, tror man att Nordkorea betonar produktionen av fosgen, senapsgas, sarin och V-medel. ( [Target Previous][Focal_occasion rapporter]har också påstått ett stort lager av sarin nervgas. ) År 2001, uppskattades det att det finns 12 anläggningar i DPRK där råkemikalier, prekursorer och kemiska stridsmedel produceras och/eller lagras."
Relative_time,Bill_Frist : Not with the [Target previous][Focal_participant Democratic leader]or or the current Democratic leader have ever I been slapped in the face with such an affront to the leadership of this grand institution .,Bill_Frist : Varken med den [Target föregående][Focal_participant demokratiska ledaren] eller den nuvarande demokratiska ledaren har jag någonsin blivit slagen i ansiktet med en sådan förolämpning mot ledarskapet för denna storslagna institution .
Relative_time,"Embalming would not have allowed for this and , [Focal_occasion had the person not been dead][Target prior][Landmark_occasion to the beginning of the operation], he certainly would be once it was all over . ","Balsamering skulle inte ha möjliggjort detta och, [Focal_occasion om personen inte hade varit död][Target före][Landmark_occasion operationens början], skulle han förvisso vara när det väl var över."
Relative_time,Care must be taken to ensure that [Focal_occasion the animals are dead][Target prior][Landmark_occasion to disposal]and it should be noted that mice 1 -- 8 days old take longer to die than adults .,Försiktighet måste iakttas för att säkerställa att [Focal_occasion djuren är döda][Target innan][Landmark_occasion bortskaffande] och det bör noteras att möss som är 1 -- 8 dagar gamla tar längre tid på sig att dö än vuxna.
Relative_time,Furthermore they include provisions for the assessment of [Target prior][Focal_occasion learning]and portability of credits that can be accumulated and eventually applied towards a formal qualification .,Vidare inkluderar de bestämmelser för bedömningen av [Target tidigare][Focal_occasion lärande] och överförbarhet av poäng som kan ackumuleras och slutligen tillämpas mot en formell kvalifikation.
Relative_time,"The police had been excluded from [Target prior][Focal_occasion knowledge of the arrests], but quickly built up an accurate picture . ","Polisen hade uteslutits från [Target före][Focal_occasion kännedom om gripandena], men byggde snabbt upp en korrekt bild."
Relative_time,All orders must be placed through the Departmental secretary with my [Target prior][Focal_occasion authority].,"ERROR: 503 UNAVAILABLE. {'error': {'code': 503, 'message': 'This model is currently experiencing high demand. Spikes in demand are usually temporary. Please try again later.', 'status': 'UNAVAILABLE'}}"
Relative_time,"Standard trade discount is 20% , except by [Target prior][Focal_occasion arrangement]. ","Standard handelsrabatt är 20%, förutom genom [Target förhands][Focal_occasion överenskommelse]."
Relative_time,"Such may be the consequence of subletting council property without [Target prior][Focal_occasion approval]of the local authority , in order to live closer to college . ","Sådant kan vara konsekvensen av att hyra ut kommunal egendom i andra hand utan [Target tidigare][Focal_occasion godkännande] från den lokala myndigheten, för att bo närmare högskolan."
Relative_time,"This gave them a new experience of evaporation , as well as time to draw on their [Target prior][Focal_occasion experiences]. ","Detta gav dem en ny upplevelse av avdunstning, samt tid att dra nytta av deras [Target tidigare][Focal_occasion erfarenheter]."
Relative_time,"Admission even to the first initiation demanded [Target prior][Focal_occasion sanctification]and an exhausting day of pilgrimage , taken fasting , for fifteen miles along the Sacred Way from Athens , with many stops for worship at wayside shrines . ","Även tillträdet till den första invigningen krävde [Target tidigare][Focal_occasion helgelse] och en utmattande dag av pilgrimsfärd, som företogs fastande, under femton miles längs den Heliga Vägen från Aten, med många stopp för tillbedjan vid vägaltare."
Relative_time,"` It was as much hers as it was Terry 's , I suppose , but the Bank he heisted it from might think it had a [Target prior][Focal_occasion claim]. ","Det var lika mycket hennes som det var Terrys, antar jag, men banken som han rånade det från kanske trodde den hade ett [Target tidigare][Focal_occasion anspråk]."
Relative_time,"The Court of Appeal held that the rule against [Target prior][Focal_occasion restraint]would still operate , given that this defence of justifying the "" common sting "" of the allegations might succeed at the trial . ","Hovrätten fann att regeln mot [Target förhands][Focal_occasion inskränkning] fortfarande skulle gälla, med tanke på att detta försvar för att rättfärdiga anklagelsernas kärna skulle kunna lyckas vid rättegången."
Relative_time,Lending to individual borrowers in excess of 10 per cent of a bank 's capital base has to be notified to the Bank ; all exposures in excess of 25 per cent require [Target prior][Focal_occasion notification].,"ERROR: 503 UNAVAILABLE. {'error': {'code': 503, 'message': 'This model is currently experiencing high demand. Spikes in demand are usually temporary. Please try again later.', 'status': 'UNAVAILABLE'}}"
Relative_time,"Existing qualifications will have to be recognised for the time being , probably for some years , and APL , or accreditation of [Target prior][Focal_occasion learning], is something the National Council for Vocational Qualifications is still exploring . ","Befintliga kvalifikationer måste erkännas tills vidare, förmodligen i några år, och APL, eller ackreditering av [Target tidigare][Focal_occasion lärande], är något som Nationella rådet för yrkeskvalifikationer fortfarande utforskar."
Relative_time,In only one presidential election [Focal_occasion year][Target prior][Landmark_occasion to 1948]did more than 20 % of the nation 's congressional districts choose a different party 's candidate for the White House than for the House of Representatives .,I endast ett presidentval [Focal_occasion år][Target före][Landmark_occasion till 1948] valde mer än 20 % av nationens kongressdistrikt en kandidat från ett annat parti till Vita huset än till Representanthuset.
Relative_time,The series of [Focal_occasion nuclear tests]in 1995 - 96 [Target prior][Landmark_occasion to China 's signature of the Comprehensive Test Ban Treaty ( CTBT )]may have resulted in a smaller and lighter warhead design for the new generation of intercontinental ballistic missiles ( ICBMs ) now under development .,Serien av [Focal_occasion kärnvapentester] 1995-96 [Target före] [Landmark_occasion Kinas undertecknande av det fullständiga teststoppsavtalet (CTBT)] kan ha resulterat i en mindre och lättare stridsspetsdesign för den nya generationen interkontinentala ballistiska robotar (ICBM) som nu är under utveckling.
Relative_time,Be [Target punctual][Landmark_occasion for meetings].,Var [Target punktlig][Landmark_occasion för möten].
Relative_time,"In which case [Focal_participant she]might just as well be [Target punctual][Landmark_occasion for their mutually unwelcome assignation], rather than give him cause for further sarcasm at her expense ! ","I så fall [Focal_participant hon] kan lika gärna vara [Target punktlig][Landmark_occasion för deras ömsesidigt ovälkomna möte], istället för att ge honom anledning till ytterligare sarkasm på hennes bekostnad!"
Relative_time,The cities with their canals and [Target punctual][Focal_participant trams]are among the most pleasant and orderly in the world .,Städerna med sina kanaler och [Target punktliga][Focal_participant spårvagnar]är bland de mest trevliga och ordningsamma i världen.
Relative_time,"His passion for , and expertise with oddballs has made his features very popular , and he is known as a thorough and [Target punctual][Focal_participant answerer of readers "" queries]. ","Hans passion för, och expertis med särlingar har gjort hans inslag mycket populära, och han är känd som en grundlig och [Target punktlig][Focal_participant besvarare av läsarnas frågor]."
Relative_time,This will at least partially ensure a [Target punctual][Focal_occasion attendance]next time .,Detta kommer att åtminstone delvis säkerställa en [Target punktlig][Focal_närvaro vid tillfället] nästa gång.
Relative_time,"The secretary of the college Georgina went to said she was a mature , [Target punctual][Focal_participant young girl]. ","Sekreteraren vid högskolan som Georgina gick på sa att hon var en mogen, [Target punktlig][Focal_participant ung flicka]."
Relative_time,"[Focal_participant Drew]became [Degree less][Target punctual], he muffed his lines , and was often replaced by an understudy . ","[Focal_participant Drew] blev [Degree mindre][Target punktlig], han klantade till sina repliker, och blev ofta ersatt av en reserv."
Relative_time,[Focal_participant You]are wonderfully [Target punctual].,[Focal_participant Du] är underbart [Target punktlig].
Relative_time,[Focal_participant Renwick]was always [Target punctual].,[Focal_participant Renwick] var alltid [Target punktlig].
Relative_time,` Thanks for being [Degree so][Target punctual].,"ERROR: 503 UNAVAILABLE. {'error': {'code': 503, 'message': 'This model is currently experiencing high demand. Spikes in demand are usually temporary. Please try again later.', 'status': 'UNAVAILABLE'}}"
Relative_time,"[Focal_occasion Service to your customers]should be reliable , attractive and [Target punctual], at acceptable fares and charges ; and the cost to the taxpayer should be reduced "" ( reprinted in MMC 1987 : 257 ) . ","[Focal_occasion Tjänsten till era kunder] bör vara tillförlitlig, attraktiv och [Target punktlig], till acceptabla priser och avgifter; och kostnaden för skattebetalarna bör minskas "" ( återtryckt i MMC 1987: 257 ) ."
Relative_time,"` Of all the people who have ever worked in the centre , [Focal_participant she]is most [Target punctual]and very reliable . ","Bland alla människor som någonsin har arbetat på centret, [Focal_participant hon] är den mest [Target punktlig] och mycket pålitlig."
Relative_time,He ensures that [Focal_occasion deliveries]are [Target punctual]and accounts paid on time .,Han säkerställer att [Focal_occasion leveranser] är [Target punktliga] och räkningar betalas i tid.
Relative_time,Ancient and well-established episcopal churches tended to stabilize [Target subsequent][Focal_occasion urban development].,Gamla och väletablerade episkopala kyrkor tenderade att stabilisera [Target efterföljande][Focal_occasion stadsutveckling].
Relative_time,Chapman 's influence on the [Target subsequent][Focal_occasion development of football]is all-pervading .,Chapmans inflytande på den [Target efterföljande][Focal_occasion utvecklingen av fotboll] är allomfattande.
Relative_time,[Target Subsequent][Focal_occasion economic development in these newly independent nations]was assisted by the overall growth of world trade and investment .,[Target Efterföljande][Focal_occasion ekonomisk utveckling i dessa nyblivna självständiga nationer]underlättades av den övergripande tillväxten av världshandeln och investeringar.
Relative_time,"For example , the battle over Duich Moss on Islay was not really about conservation versus jobs -- as [Target subsequent][Focal_occasion events]have proved -- but about saving embarrassment in high places . ",Exempelvis handlade striden om Duich Moss på Islay egentligen inte om naturvård kontra jobb -- som [Target efterföljande][Focal_occasion händelser] har bevisat -- utan om att rädda ansiktet inom höga kretsar.
Relative_time,"From [Target subsequent][Focal_occasion events], it would appear that Mr. Marriott was given an appointment in electrical engineering . ",Utifrån [Target efterföljande][Focal_occasion händelser] verkar det som att Herr Marriott fick en tjänst inom elektroteknik.
Relative_time,[Target Subsequent][Focal_occasion events]bore out my impression .,[Target Efterföljande][Focal_occasion händelser]styrkte mitt intryck.
Relative_time,A question remains about the impact of this forceful intervention on the family and the caregivers and its significance for the [Target subsequent][Focal_occasion course of events in Michael 's life].,En fråga återstår om inverkan av detta kraftfulla ingripande på familjen och vårdgivarna och dess betydelse för det [Target efterföljande][Focal_occasion händelseförlopp i Michaels liv].
Relative_time,[Target Subsequent][Focal_occasion years of Tory rule]reduced the Labour establishment to frustration .,[Target Därpå följande][Focal_occasion år av Torystyre]drev Labour-etablissemanget till frustration.
Relative_time,"Many of the nationalists abandoned the hopes of a popular movement , and in [Target subsequent][Focal_occasion years]came to rely upon forces other than popular struggle : Bismarck and the rulers of Prussia , and the House of Savoy . ","Många av nationalisterna övergav hoppen om en folkrörelse, och under [Target följande][Focal_occasion år] kom att förlita sig på andra krafter än folklig kamp: Bismarck och Preussens härskare, och Huset Savojen."
Relative_time,"[Target Subsequent][Focal_occasion years of the course]include historical and theoretical perspectives , comparative study of the main themes in international relations , in community conflict and in industrial conflict , and some particular case studies . ","ERROR: 503 UNAVAILABLE. {'error': {'code': 503, 'message': 'This model is currently experiencing high demand. Spikes in demand are usually temporary. Please try again later.', 'status': 'UNAVAILABLE'}}"
Relative_time,"Kidder , Peabody recorded 125 acquisitions of small private garbage firms in America in 1985 , twice as many in [Target subsequent][Focal_occasion years]. ","Kidder, Peabody registrerade 125 förvärv av små privata renhållningsföretag i Amerika 1985, dubbelt så många under [Target efterföljande][Focal_occasion åren]."
Relative_time,The cDNAs which encoded octamer DNA binding proteins were identified by in vitro transcription of the cDNA inserts and [Target subsequent][Focal_occasion in vitro translation followed by EMSA as described in [ 17 ]].,cDNA:erna som kodade för oktamer-DNA-bindande proteiner identifierades genom in vitro-transkription av cDNA-insatserna och [Target därefter][Focal_occasion in vitro-translation följt av EMSA enligt beskrivning i [ 17 ]].
Relative_time,"The Scottish Law Commission , for instance , criticised the previous test as being "" a judicial dispensing power exercised possibly in the light of [Focal_occasion unforeseeable events][Target subsequent]in date [Landmark_occasion to the contract]"" . ","ERROR: 503 UNAVAILABLE. {'error': {'code': 503, 'message': 'This model is currently experiencing high demand. Spikes in demand are usually temporary. Please try again later.', 'status': 'UNAVAILABLE'}}"
Relative_time,"` The Character of Completeness , and your [Target subsequent][Focal_occasion book]with us , have both been bought by a firm in the States which sells textbooks to Harvard University . ","Karaktären av fullständighet, och er [Target efterföljande][Focal_occasion bok]hos oss, har båda köpts av ett företag i USA som säljer kurslitteratur till Harvard University."
Relative_time,He devotes more space to a [Target subsequent][Focal_occasion altercation between Brown and an Israeli journalist].,Han ägnar mer utrymme åt en [Target efterföljande][Focal_occasion sammandrabbning mellan Brown och en israelisk journalist].
Relative_time,"In a [Target subsequent][Focal_occasion discussion on 23 March], MacArthur advocated an early peace conference despite the problems that would arise from Soviet obstruction . ",Vid en [Target efterföljande][Focal_occasion diskussion den 23 mars] förordade MacArthur en tidig fredskonferens trots de problem som skulle uppstå på grund av sovjetisk obstruktion.
Relative_time,This enabled the preservation of live programmes for [Target subsequent][Focal_occasion retransmission or sale to other countries].,Detta möjliggjorde bevarandet av direktsända program för [Target efterföljande][Focal_occasion vidaresändning eller försäljning till andra länder].
Relative_time,The ones that are declared as inputting variables are used only for input and [Target subsequent][Focal_occasion use in expressions].,De som deklareras som inmatningsvariabler används endast för inmatning och [Target efterföljande][Focal_occasion användning i uttryck].
Relative_time,[Target Subsequent][Focal_occasion works designed by him]include the north range at Clare ( 1682-6 ) and probably the rebuilding of St Catharine 's College ( 1674-1704 ) .,[Target Subsequent][Focal_occasion verk ritade av honom]inkluderar den norra längan vid Clare (1682-6) och troligen återuppbyggnaden av St Catharine's College (1674-1704).
Relative_time,In [Target subsequent][Focal_occasion fighting between Yugoslav federal troops and Slovenian soldiers]Defence Minister Fasslabend alleged repeated violations of Austrian airspace by Yugoslav federal military aircraft .,I [Target efterföljande][Focal_occasion strider mellan jugoslaviska federala trupper och slovenska soldater] hävdade försvarsminister Fasslabend upprepade kränkningar av österrikiskt luftrum av jugoslaviska federala militärflygplan.
Relative_time,Over 30 Palestinians were wounded in [Target subsequent][Focal_occasion unrest].,Över 30 palestinier skadades i [Target efterföljande][Focal_occasion oroligheter].
Relative_time,"Thought has to be given to future integration at the initial design stage , otherwise [Target subsequent][Focal_occasion integration]will be very difficult and expensive . ","Man måste tänka på framtida integration i det inledande designstadiet, annars [Target efterföljande][Focal_occasion integration] kommer att bli mycket svår och dyr."
Relative_time,This was the decisive factor in determining Kenya 's [Target subsequent][Focal_occasion political and economic direction].,Detta var den avgörande faktorn för att avgöra Kenyas [Target efterföljande][Focal_occasion politiska och ekonomiska riktning].
Relative_time,On several [Target subsequent][Focal_occasion Manhattan visits]I met Tom again and between visits we exchanged letters and limericks .,"ERROR: 503 UNAVAILABLE. {'error': {'code': 503, 'message': 'This model is currently experiencing high demand. Spikes in demand are usually temporary. Please try again later.', 'status': 'UNAVAILABLE'}}"
Relative_time,"[Target Subsequent]or alternative [Focal_occasion drinks]had to be paid for at saloon-bar prices , so Clive managed to turn a profit on the evening . ","[Target Efterföljande] eller alternativa [Focal_occasion drycker] måste betalas för till salongsbarpriser, så Clive lyckades göra en vinst på kvällen."
Relative_time,"[Target Subsequent][Focal_occasion economic and political changes]such as the emergence of Pacific Basin industrial economies and especially developments in the USSR since 1985 , raise questions about the continuing validity of older explanatory typologies . ","[Target Efterföljande][Focal_occasion ekonomiska och politiska förändringar]såsom framväxten av industriella ekonomier i Stillahavsområdet och särskilt utvecklingen i Sovjetunionen sedan 1985, väcker frågor om den fortsatta giltigheten av äldre förklarande typologier."
Relative_time,They tested their model by observing the difference between the theoretical and market values of a firm 's P/E ratio and the share price progress in the [Target subsequent][Focal_occasion three months].,De testade sin modell genom att observera skillnaden mellan det teoretiska värdet och marknadsvärdet för ett företags P/E-tal och aktieprisets utveckling under de [Target följande][Focal_occasion tre månaderna].
Relative_time,The group will meet on every [Target subsequent][Focal_occasion Friday].,Gruppen kommer att träffas varje [Target efterföljande][Focal_tillfälle fredag].
Relative_time,[Target Subsequent][Focal_occasion IAEA inspections in Iran]revealed a wealth of new information related to the development and scale of Iran 's nuclear program .,[Target Efterföljande][Focal_occasion IAEA-inspektioner i Iran] avslöjade en mängd ny information kopplad till utvecklingen och omfattningen av Irans kärnprogram.
Relative_time,"However , intense U.S. pressure for Iran to prove it had no secret atomic weapons program culminated in a toughly worded UN resolution in September 2003 , prompting a walkout and [Target subsequent][Focal_occasion freeze on nuclear inspections by Iran].","Emellertid, intensivt amerikanskt tryck på Iran att bevisa att det inte hade något hemligt atomvapenprogram kulminerade i en skarpt formulerad FN-resolution i september 2003, vilket föranledde en utmarsch och [Target därpå följande][Focal_occasion frysning av kärninspektioner av Iran]."
Relative_time,"According to a [Target subsequent][Focal_participant report], an agreement was reached on restarting construction in 1987 , but was cancelled after the bombing ( 3029 ) .","Enligt en [Target efterföljande][Focal_participant rapport] nåddes en överenskommelse om att återuppta byggandet år 1987, men avbröts efter bombningen ( 3029 )."
Relative_time,"Politically , the 1990s have been relatively quite times for the islands , although the divorce of Greek prime minister Andreas Papandreou and his [Target subsequent][Focal_occasion marriage to a much younger woman]caused consternation within conservative Greek society .","Politiskt har 1990-talet varit relativt lugna tider för öarna, även om skilsmässan av den grekiske premiärministern Andreas Papandreou och hans [Target efterföljande][Focal_occasion äktenskap med en mycket yngre kvinna]orsakade bestörtning inom det konservativa grekiska samhället."
Relative_time,"Theses identified in the Laming list ( Appendix 4 ) appear to show that [Focal_participant Leeds , Cambridge and St. Andrews Universities]were [Target tardy]in this respect . ","Avhandlingar identifierade i Laminglistan (Bilaga 4) tycks visa att [Focal_participant Leeds, Cambridge och St. Andrews universitet] var [Target sena] i detta avseende."
Relative_time,They have vigorously contested in court the Metropolitan 's assertion that [Focal_participant the Turkish government]was [Target tardy][Focal_occasion in pursuing its claim].,De har energiskt bestridit i domstol Metropolitens påstående att [Focal_participant den turkiska regeringen] var [Target senfärdig] [Focal_occasion med att fullfölja sitt anspråk].
Relative_time,Quaker creditors showed great tolerance to [Focal_participant those][Focal_participant who]were [Target tardy][Focal_occasion in paying their bills].,Kväkarkreditorer visade stor tolerans mot [Focal_participant dem][Focal_participant som] var [Target sena][Focal_occasion med att betala sina räkningar].
Relative_time,[Focal_participant Yorkshire]may have been [Degree slightly][Target tardy][Focal_occasion in not monitoring his schoolboy progress].,[Focal_participant Yorkshire] kan ha varit [Degree något][Target långsam][Focal_occasion med att inte övervaka hans framsteg i skolan].
Relative_time,"Peter Brock and Andy Rouse fought back to fourth place , following an incorrect tyre choice and [Target tardy][Focal_occasion pit stops]early on in the race . ","Peter Brock och Andy Rouse kämpade sig tillbaka till fjärde plats, efter ett felaktigt däckval och [Target långsamma][Focal_occasion depåstopp] tidigt i loppet."
Relative_time,"Debenham & Freebody 's of Wigmore Street did so in 1920 , but not for [Target tardy][Focal_occasion payment of a long outstanding account]but for an order which the customer denied had ever been given . ","Debenham & Freebody's på Wigmore Street gjorde så år 1920, men inte för [Target försenad][Focal_occasion betalning av en länge utestående räkning] utan för en beställning som kunden nekade till att någonsin hade gjorts."
Relative_time,"Its policies , domestic and foreign -- not least its [Target tardy][Focal_occasion entry into the European Community in January 1973]-- have been largely a belated reaction to the original achievements of others . ","Dess politik, inhemsk och utrikes – inte minst dess [Target senfärdiga][Focal_occasion inträde i Europeiska gemenskapen i januari 1973]– har i stor utsträckning varit en försenad reaktion på andras ursprungliga prestationer."
Relative_time,"The ECSC and EDC , it was believed , would finally consign the shibboleths of nationalism to a [Target tardy][Focal_occasion grave]. ","EKSG och EVG , trodde man , skulle äntligen förpassa nationalismens dogmer till en [Target sen][Focal_occasion grav]."
Relative_time,The extension of northern French influences from the Languedoc as a result of the Albigensian crusades may have contributed to this [Target tardy][Focal_occasion development].,Utbredningen av nordfranska influenser från Languedoc till följd av de albigensiska korstågen kan ha bidragit till denna [Target försenade][Focal_occasion utveckling].
Relative_time,Do please forgive this [Degree very][Target tardy][Focal_occasion reply].,Vänligen förlåt detta [Degree väldigt][Target sent][Focal_occasion svar].
Relative_time,"It was some moments before it occurred to any of them that it might well be Chris or the [Target tardy][Focal_participant boy from the bistro], harmlessly appealing for admission to his promised evening of jollity and sustenance . ","Det dröjde några ögonblick innan det slog någon av dem att det mycket väl kunde vara Chris eller den [Target försenade][Focal_participant pojken från bistron], som helt ofarligt bad om att få komma in till sin utlovade kväll av munterhet och förplägnad."
Relative_time,"It 's an excrescence , a monstrosity , some [Target tardy][Focal_occasion addition to the agenda]. ","Det är en utväxt, ett missfoster, något [Target försenat][Focal_occasion tillägg till dagordningen]."
Relative_time,"` Monsieur Dacourt , "" Francis announced in perfect English , ` I apologise for the [Target tardy][Focal_occasion arrival]and abrupt interruption of your eloquent speech by Akim and his cats . ","ERROR: 503 UNAVAILABLE. {'error': {'code': 503, 'message': 'This model is currently experiencing high demand. Spikes in demand are usually temporary. Please try again later.', 'status': 'UNAVAILABLE'}}"
Relative_time,The production of up-to-date Class Lists has been delayed due to the [Target tardy][Focal_occasion response of teachers to requests for current details].,Produktionen av aktuella klasslistor har försenats på grund av den [Target sena][Focal_occasion responsen från lärare på förfrågningar om aktuella uppgifter].
Relative_time,"The moves to help smaller firms were a ` somewhat [Target tardy][Focal_occasion recognition of the contribution small business makes]"" , Richard Brown , director of policy , claimed . ","Åtgärderna för att hjälpa mindre företag var ett ` något [Target försenat][Focal_occasion erkännande av det bidrag småföretagen lämnar]"" , Richard Brown, policyansvarig, hävdade."
Relative_time,So much has been written in recent years about Ralph Sarich 's Orbital two-stroke engine that [Focal_occasion our award for technical innovation]might appear [Degree somewhat][Target tardy].,Så mycket har skrivits under de senaste åren om Ralph Sarichs Orbitals tvåtaktsmotor att [Focal_occasion vårt pris för teknisk innovation] kan verka [Degree något][Target försenat].
Relative_time,"` [Focal_participant You]are [Target tardy], madam . ","[Focal_participant Ni] är [Target försenad], fru."
Relative_time,Idealists could claim that [Focal_participant British policy]had been [Target tardy]and hesitant .,Idealister skulle kunna hävda att [Focal_participant brittisk politik] hade varit [Target senfärdig] och tveksam.
Relative_time,[Focal_occasion Their extensive military campaigns were][Target later][Focal_occasion chronicled by Homer in his epic poems The Odyssey and The Iliad].,[Focal_occasion Deras omfattande militära fälttåg blev][Target senare][Focal_occasion nedtecknade av Homeros i hans episka dikter Odysséen och Iliaden].
Relative_time,"[Target Later], in 454 b.c. , [Focal_occasion the treasury was transferred to Athens and its deposits were used to finance the construction of many of the major buildings and temples of the Classical Age].","[Target Senare], år 454 f.Kr., [Focal_occasion skattkammaren överfördes till Aten och dess tillgångar användes för att finansiera byggandet av många av de viktigaste byggnaderna och templen från den klassiska antiken]."
Relative_time,He said that Oliver North of Iran-Contra notoriety thought he had erased his computer but that [Focal_occasion the information was][Target later][Focal_occasion retrieved for congressional committees to read].,"Han sa att Oliver North, ökänd från Iran-Contras-affären, trodde att han hade raderat sin dator men att [Focal_occasion informationen var][Target senare][Focal_occasion återhämtad för kongressutskott att läsa]."
Relative_time,"[Interval An instant][Target later][Focal_occasion a white-faced , hardbreathing policeman had opened the door , the candle wavering in his trembling hand].","[Interval Ett ögonblick][Target senare][Focal_occasion en blek, tungt andande polisman hade öppnat dörren, med ljuset fladdrande i hans darrande hand]."
Relative_time,"Pickett , [Focal_occasion who was shot in the knee by the Secret Service][Target after][Landmark_occasion allegedly firing two shots outside the White House], used crutches to walk into the court .","Pickett , [Focal_occasion som sköts i knät av Secret Service][Target efter][Landmark_occasion att ha påståtts avfyra två skott utanför Vita huset], använde kryckor för att gå in i rätten."
Relative_time,[Focal_occasion The president left][Target after][Landmark_occasion the diplomat arrived].,[Focal_occasion Presidenten lämnade][Target efter][Landmark_occasion diplomaten anlände]
Relative_time,"More recently , [Focal_occasion South Africa began working more closely with the IAEA in 2004 , in order to monitor international smuggling of nuclear weapons materials], [Target after][Landmark_occasion investigations of a South African businessman exposed connections to the A.Q. Khan network].","På senare tid, [Focal_occasion Sydafrika började arbeta närmare med IAEA 2004 för att övervaka internationell smuggling av kärnvapenmaterial], [Target efter][Landmark_occasion utredningar av en sydafrikansk affärsman avslöjade kopplingar till A.Q. Khans nätverk]."
Relative_time,"[Focal_occasion Symptoms of illness do not appear]immediately but only [Target after][Landmark_occasion a delay , or `` incubation period , '' that may last for days to weeks].","[Focal_occasion Symptom på sjukdom uppträder inte] omedelbart utan först [Target efter][Landmark_occasion en fördröjning, eller en ''inkubationstid'', som kan vara i dagar till veckor]."
Relative_time,"`` The General Assembly should set aside money for a new state health lab , millions of doses of antiviral drugs and a fund to [Focal_occasion help meet basic needs][Target after][Landmark_occasion a disaster], a legislative panel recommended Thursday .","Generalförsamlingen bör avsätta pengar för ett nytt statligt hälsolabb, miljontals doser antivirala läkemedel och en fond för att [Focal_occasion hjälpa till att tillgodose grundläggande behov][Target efter][Landmark_occasion en katastrof], en lagstiftningspanel rekommenderade i torsdags."
Relative_time,"[Focal_occasion The General Assembly has worked to improve its response to potential terrorist attacks][Target after][Landmark_occasion the Sept. 11, 2001 , attacks and the ensuing anthrax scares].",[Focal_occasion Generalförsamlingen har arbetat för att förbättra sitt svar på potentiella terrorattacker][Target efter][Landmark_occasion attackerna den 11 september 2001 och de efterföljande mjältbrandslarmen]
Relative_time,"[Focal_occasion Part of the answer], Chafee said , [Focal_occasion might be giving more flexibility with the money , rather than more funds , Chafee suggested][Target after][Landmark_occasion the hearing].","[Focal_occasion En del av svaret], sade Chafee, [Focal_occasion kanske är att ge mer flexibilitet med pengarna, snarare än mer medel, föreslog Chafee][Target efter][Landmark_occasion utfrågningen]."
Relative_time,"`` [Focal_occasion Four Aberdeen Proving Ground employees were taken to a local hospital yesterday][Target after][Landmark_occasion a report of a chemical leak , the third incident in about a week during which workers were at risk of exposure to lethal substances at the Army base in Harford County].","[Focal_occasion Fyra anställda vid Aberdeen Proving Ground fördes igår till ett lokalt sjukhus][Target efter][Landmark_occasion en rapport om ett kemikalieläckage, den tredje incidenten på ungefär en vecka då arbetare riskerade exponering för dödliga ämnen vid armébasen i Harford County]."
Relative_time,"[Focal_occasion Part of the answer], Chafee said , [Focal_occasion might be giving more flexibility with the money , rather than more funds , Chafee suggested][Target after][Landmark_occasion the hearing].","[Focal_occasion En del av svaret], sa Chafee, [Focal_occasion kan vara att ge större flexibilitet med pengarna, snarare än mer medel, föreslog Chafee][Target efter][Landmark_occasion utfrågningen]."
Relative_time,"[Target After][Landmark_occasion they lost Jerusalem], [Focal_occasion a Mongol invasion swept through], and in 1244 the Mameluke dynasty of Egypt took control , ruling Jerusalem for the next 250 years .","[Target After][Landmark_occasion de förlorade Jerusalem], [Focal_occasion en mongolisk invasion svepte fram], och år 1244 tog den egyptiska mamlukdynastin kontrollen, och styrde Jerusalem de kommande 250 åren."
Relative_time,"[Target After][Landmark_occasion Jesus 's crucifixion], [Focal_occasion harsh Roman rule continued until a.d. 66 , when the Jews rebelled].","[Target Efter][Landmark_occasion Jesu korsfästelse], [Focal_occasion hårt romerskt styre fortsatte fram till år 66 e.Kr., då judarna gjorde uppror]."
Relative_time,"Jesus 's entry into the Temple caused a commotion ; [Target after][Landmark_occasion the Passover dinner][Focal_occasion he was arrested by the temple priests , who were under direct Roman rule].","Jesus intåg i templet orsakade uppståndelse; [Target after][Landmark_occasion påskmiddagen][Focal_occasion han blev arresterad av tempelprästerna, som var under direkt romerskt styre]."
Relative_time,"[Focal_occasion The plant 's construction was halted in 1987], [Target after][Landmark_occasion the Soviet Union became involved in Chemical Weapons Convention ( CWC ) -related negotiations], so it never produced any CW agents .","[Focal_occasion Byggandet av anläggningen stoppades 1987], [Target efter][Landmark_occasion Sovjetunionen engagerade sig i förhandlingar om kemiska vapenkonventionen (CWC)], så den producerade aldrig några kemiska stridsmedel."
Relative_time,"Farther south in Crete , [Focal_occasion the Minoan culture developed][Target after][Landmark_occasion 2000 b.c.][Focal_occasion into the most significant of its age], spreading its influence throughout the region by trade and diplomacy .","Längre söderut på Kreta, [Focal_occasion den minoiska kulturen utvecklades][Target efter][Landmark_occasion 2000 f.Kr.][Focal_occasion till den mest betydelsefulla i sin tid], och spred sitt inflytande över hela regionen genom handel och diplomati."
Relative_time,"AMMAN , Jordan ( AP ) U.S. Representative Tony Hall arrived in Jordan on Saturday en route to Iraq , where [Focal_occasion he is expected to look into the plight of Iraqis][Target after][Landmark_occasion nearly 10 years of U.N. trade sanctions].","AMMAN, Jordanien (AP) USA:s representant Tony Hall anlände till Jordanien på lördagen på väg till Irak, där [Focal_occasion han förväntas undersöka irakiernas svåra situation][Target efter][Landmark_occasion nästan 10 år av FN:s handelssanktioner]."
Relative_time,"In animal efficacy studies , [Focal_occasion Anthim]demonstrated complete protection against an anthrax spore challenge with a single prophylactic dose and has [Focal_occasion shown significant protection when administered][Interval up to two days][Target after][Landmark_occasion a lethal challenge.]( Pharmabiz.com , 26Jun06 ) ( Link )","I djurstudier för effekt, [Focal_occasion Anthim] visade fullständigt skydd mot en utmaning med mjältbrandssporer med en enda profylaktisk dos och har [Focal_occasion visat betydande skydd när det administrerades] [Interval upp till två dagar] [Target efter] [Landmark_occasion en dödlig utmaning.]"
Relative_time,"Moreover , he said , technology now exists for [Focal_occasion stealing corporate secrets][Target after][Landmark_occasion they 've been `` erased '' from a computer 's memory].","Dessutom, sade han, finns det nu teknik för [Focal_occasion att stjäla företagshemligheter][Target efter][Landmark_occasion att de har raderats från en dators minne]."
Relative_time,"Also , the duty of area patrols is to discover new paths and shelters in the area in order [Focal_occasion to hide fighters][Target after][Landmark_occasion a Jihad operation against the enemy].",Dessutom är områdespatrullernas uppgift att upptäcka nya stigar och skydd i området i syfte [Focal_occasion att gömma stridande][Target efter][Landmark_occasion en jihadoperation mot fienden].
Relative_time,"Immediately [Target after][Landmark_occasion the interview], [Focal_occasion he was apprehended again by the Jordanian authority]. ]","Omedelbart [Target efter][Landmark_occasion intervjun], [Focal_occasion han greps igen av den jordanska myndigheten]."
Relative_time,"[Target After][Landmark_occasion the cleaning in AlbuFahd], [Focal_occasion the brothers killed three of the spies in his tribe], and for the first time there was no reaction against the brothers , but instead he came to them , asking for forgiveness , and he 's ready to cooperate .","[Target Efter][Landmark_occasion städningen i AlbuFahd], [Focal_occasion bröderna dödade tre av spionerna i hans stam], och för första gången fanns det ingen reaktion mot bröderna, utan istället kom han till dem, bad om förlåtelse, och han är redo att samarbeta."
Relative_time,"[Target After][Landmark_occasion that][Focal_occasion he announced his repentance at the mosque twice in front of Albu'Ubaid tribe], denouncing who joins the police and army , and sorry for all he 's done , without any pressure or threats from the brothers .","[Target Efter][Landmark_occasion att][Focal_occasion han tillkännagav sin ånger i moskén två gånger inför Albu'Ubaids stam], där han fördömde dem som ansluter sig till polisen och armén och bad om ursäkt för allt han hade gjort, utan något tryck eller hot från bröderna."
Relative_time,"During World War II , the church was turned into a club for Japanese officers ; [Focal_occasion it was restored][Target after][Landmark_occasion the war].",Under andra världskriget förvandlades kyrkan till en klubb för japanska officerare; [Focal_occasion den återställdes][Target efter][Landmark_occasion kriget].
Relative_time,Cornell found a number of employment options that [Focal_occasion he never dreamed existed][Target after][Landmark_occasion a work - site injury forced him out of his job at a foundry].,Cornell hittade flera jobbmöjligheter som [Focal_occasion han aldrig hade drömt om fanns][Target efter][Landmark_occasion en arbetsplatsolycka tvingade honom att sluta sitt jobb på ett gjuteri].
Relative_time,"[Target After][Landmark_occasion Maureen 's job coach taught her how to do her job in a restaurant], [Focal_occasion we helped Maureen step out of the shadow sometimes cast over people with physical and mental disabilities and find a fulfilling job smack dab in the middle of society].","[Target After][Landmark_occasion Maureens jobbcoach lärde henne hur hon skulle göra sitt jobb på en restaurang], [Focal_occasion vi hjälpte Maureen att kliva ut ur skuggan som ibland kastas över personer med fysiska och psykiska funktionsnedsättningar och hitta ett givande jobb mitt i samhället]."
Relative_time,"Older kids , like [Focal_occasion Tracy and Kerry , left homeless][Target after][Landmark_occasion a recent murder - suicide in Indianapolis claimed Mom and Dad].","Äldre barn, som [Focal_occasion Tracy och Kerry, lämnades hemlösa][Target efter][Landmark_occasion ett nyligen inträffat mord-självmord i Indianapolis krävde mamma och pappas liv]."
Relative_time,Canada 's merchandise exports and imports posted increases in February as [Focal_occasion automobile assembly lines stepped up production][Target after][Landmark_occasion shutdowns in January].,Kanadas varuexport och import noterade ökningar i februari då [Focal_occasion bilmonteringslinjer ökade produktionen][Target efter][Landmark_occasion nedstängningar i januari].
Relative_time,"[Target After][Landmark_occasion dinner], a glass of Madeira or port is recommended to round off the meal .","[Target Efter][Landmark_occasion middag], ett glas Madeira eller portvin rekommenderas för att runda av måltiden."
Relative_time,[Focal_occasion I learned][Target after][Landmark_occasion I got married],[Focal_occasion Jag lärde mig][Target efter][Landmark_occasion jag gifte mig]
Relative_time,"At least 3 cats are unaccounted for , but [Target after][Landmark_occasion a search of the house], [Focal_occasion the cats were not believed to have been inside at the time the fire started].","Minst 3 katter saknas, men [Target efter][Landmark_occasion en genomsökning av huset], [Focal_occasion man trodde inte att katterna hade varit inne när branden startade]."
Relative_time,"South Africa acceded to the Treaty on the Non - Proliferation of Nuclear Weapons ( NPT ) as a non - nuclear weapon state in 1991 , and [Focal_occasion International Atomic Energy Agency ( IAEA ) inspectors][Target subsequently][Focal_occasion verified the completeness of its nuclear dismantlement].","Sydafrika tillträdde fördraget om icke-spridning av kärnvapen ( NPT ) som en icke-kärnvapenstat 1991, och [Focal_occasion Internationella atomenergiorganet ( IAEA ) inspektörer][Target därefter][Focal_occasion verifierade fullständigheten av dess kärnvapenavveckling]."
Relative_time,"[Focal_participant Jerusalem][Focal_occasion submitted peaceably]to the rule of the Greeks in 332 b.c. under Alexander the Great and , [Target subsequently], [Focal_occasion to his Hellenistic successors as well as the Egyptian Ptolomeys and the Syrian Seleucids].","[Focal_participant Jerusalem][Focal_occasion underkastade sig fredligt] grekernas styre år 332 f.Kr. under Alexander den store och , [Target därefter], [Focal_occasion till hans hellenistiska efterträdare såväl som de egyptiska Ptoleméerna och de syriska Seleukiderna]."
Relative_time,"Construction on Hoover Dam ( originally Boulder Dam , [Target subsequently][Focal_occasion renamed for the president who authorized the project]) began in 1931 in a canyon 45 miles ( 72 km ) southeast of Las Vegas .","Byggnationen av Hooverdammen (ursprungligen Boulder Dam, [Target därefter][Focal_occasion döptes om efter presidenten som godkände projektet]) började år 1931 i en kanjon 45 engelska mil ( 72 km ) sydost om Las Vegas."
Relative_time,-- [Focal_occasion Students should move up the educational ladder][Target as][Landmark_occasion their academic potential allows].,-- [Focal_occasion Studenter bör avancera uppåt på utbildningsstegen][Target allteftersom][Landmark_occasion deras akademiska potential tillåter].
Relative_time,"[Focal_occasion Iran has begun preliminary work to install thousands of centrifuges at its uranium enrichment facility][Target as][Landmark_occasion a dispute roiled over whether the International Atomic Energy Agency was receiving the access it wants to monitor the site], wire services reported today ( see GSN , Feb. 1 ) .","[Focal_occasion Iran har påbörjat förberedande arbete för att installera tusentals centrifuger vid sin anläggning för urananrikning][Target samtidigt som][Landmark_occasion en tvist rasade över om Internationella atomenergiorganet fick den tillgång det ville ha för att övervaka anläggningen], rapporterade nyhetsbyråer idag (se GSN, 1 feb.)."
Relative_time,What accounts for the results of [Target recent][Focal_occasion decades]?,Vad förklarar resultaten av [Target senaste][Focal_occasion årtionden]?
Relative_time,"Thus at the [Target recent][Focal_occasion governors ' conference on education], Gov. Bill Clinton of Arkansas announced that `` this country needs a comprehensive child-development policy for children under five .","Således vid den [Target senaste] [Focal_occasion guvernörskonferensen om utbildning], Guv. Bill Clinton från Arkansas meddelade att `` detta land behöver en omfattande barnutvecklingspolitik för barn under fem år."
Relative_time,The one exception to this [Target recent][Focal_participant trend]was the defeat of 13 of the 52 freshman Republicans brought into office in 1980 by the Reagan revolution and running for re-election in 1982 .,Det enda undantaget från detta [Target senaste][Focal_participant trenden] var förlusten av 13 av de 52 nyvalda republikanerna som kom till makten 1980 genom Reagan-revolutionen och ställde upp för omval 1982.
Relative_time,The SRI has allegedly taken in Iraqi scientists prior to the [Target recent][Focal_occasion Gulf War].,SRI har påståtts ha tagit emot irakiska vetenskapsmän före [Target senaste][Focal_occasion Kuwaitkriget].
Relative_time,"[Target Recent][Focal_occasion business projections]for Las Vegas predict challenges ; tourism revenues must increase substantially to sustain what is already built , while actual figures show visitation as steady or declining .","[Target Senaste][Focal_occasion affärsprognoser]för Las Vegas förutspår utmaningar; turistintäkterna måste öka betydligt för att upprätthålla det som redan är byggt, medan faktiska siffror visar att besöken är stabila eller minskar."
Relative_time,In a [Target recent][Focal_occasion interview]with Al-Jazeera he spoke against the Arab regimes .,I en [Target ny][Focal_occasion intervju] med Al-Jazeera talade han emot de arabiska regimerna.
Relative_time,"Macau 's population is estimated at around 450,000 , an appallingly high figure for such a small area ; [Target recent][Focal_participant land reclamation]has eased the situation to some extent .","Macaus befolkning uppskattas till cirka 450 000, en förfärligt hög siffra för ett så litet område; [Target nylig][Focal_participant landåtervinning] har lindrat situationen till viss del."
Relative_time,She bore upon her aquiline and emaciated face the traces of some [Target recent][Focal_occasion tragedy].,Hon bar på sitt örnlikt och utmärglat ansikte spåren av någon [Target nylig][Focal_occasion tragedi].
Relative_time,"[Target Last][Focal_occasion year]catastrophe losses totaled $ 5 million , when net was $ 235.5 million , or $ 2.07 a share .","[Target Förra][Focal_occasion års]katastrofförluster uppgick till $ 5 miljoner, när netto var $ 235,5 miljoner, eller $ 2,07 per aktie."
Relative_time,"In the latest quarter , Aetna had a $ 23 million loss on its auto / homeowners line , compared with earnings of $ 33 million [Target last][Focal_occasion year].","I det senaste kvartalet hade Aetna en förlust på 23 miljoner dollar på sin bil- och hemförsäkringslinje, jämfört med en vinst på 33 miljoner dollar [Target förra][Focal_occasion året]."
Relative_time,"In the nine months , net rose 4.3 % to $ 525.8 million or $ 4.67 a share , from $ 504.2 million , or $ 4.41 a share , [Target last][Focal_occasion year].","Under de nio månaderna steg nettot med 4,3 % till 525,8 miljoner dollar, eller 4,67 dollar per aktie, från 504,2 miljoner dollar, eller 4,41 dollar per aktie, [Target förra][Focal_occasion året]."
Relative_time,"Two smaller `` cascades '' of centrifuges have been operating in above-ground buildings at the site since [Target last][Focal_occasion year], and a smaller set of machinery has been tested underground since November without using any uranium gas , according to AP ( George Jahn , Associated Press / Houston Chronicle , Feb. 2 ) .","Två mindre ''kaskader'' av centrifuger har varit i drift i byggnader ovan jord på anläggningen sedan [Target sista][Focal_occasion året], och en mindre uppsättning maskineri har testats under jord sedan november utan att använda något urangas, enligt AP (George Jahn, Associated Press / Houston Chronicle, den 2 februari)."
Relative_time,"The chairman of the Department of Medicine at Sydney Hospital , John Graham , told a biosecurity workshop [Target last][Focal_occasion week]that he had appealed to the Federal Government to remove the hospital from state control and declare it a ' national security hospital ' .","ERROR: 503 UNAVAILABLE. {'error': {'code': 503, 'message': 'This model is currently experiencing high demand. Spikes in demand are usually temporary. Please try again later.', 'status': 'UNAVAILABLE'}}"
Relative_time,"The device , called a Mubtakker -- Arabic for `` invention '' -- has been at the center of a media firestorm since it was written about in an excerpt from a book extract published by Time magazine [Target last][Focal_occasion week].","ERROR: 503 UNAVAILABLE. {'error': {'code': 503, 'message': 'This model is currently experiencing high demand. Spikes in demand are usually temporary. Please try again later.', 'status': 'UNAVAILABLE'}}"
Relative_time,The convention was adopted by the UN General Assembly in April [Target last][Focal_occasion year]on Russia 's initiative .,"ERROR: 503 UNAVAILABLE. {'error': {'code': 503, 'message': 'This model is currently experiencing high demand. Spikes in demand are usually temporary. Please try again later.', 'status': 'UNAVAILABLE'}}"
Relative_time,"In the 1960s , Ferndale resident Jack Alderson commanded a group of light tugs that made trips to the islands that [Target last][Focal_occasion week]were declared a monument , as well as other remote atolls in the region .","ERROR: 503 UNAVAILABLE. {'error': {'code': 503, 'message': 'This model is currently experiencing high demand. Spikes in demand are usually temporary. Please try again later.', 'status': 'UNAVAILABLE'}}"
Relative_time,"The [Target last][Focal_participant visitor]was then- U.S. Rep . Bill Richardson of New Mexico , who went to help a pair of U.S. oilmen in diplomatic trouble .","ERROR: 503 UNAVAILABLE. {'error': {'code': 503, 'message': 'This model is currently experiencing high demand. Spikes in demand are usually temporary. Please try again later.', 'status': 'UNAVAILABLE'}}"
Relative_time,"They bombed the Bogota offices [Target last][Focal_occasion month], destroying its computer and causing $2.5 million in damage .","ERROR: 503 UNAVAILABLE. {'error': {'code': 503, 'message': 'This model is currently experiencing high demand. Spikes in demand are usually temporary. Please try again later.', 'status': 'UNAVAILABLE'}}"
Relative_time,"I just saw on the news [Target last][Focal_occasion night]that they said the average time a sentenced murderer , you know , is in jail is two years before he 's paroled and a rapists is like six months and a burglar is like two months .","Jag såg precis på nyheterna [Target igår][Focal_occasion kväll] att de sa att genomsnittstiden en dömd mördare, du vet, sitter i fängelse är två år innan han blir villkorligt frigiven och en våldtäktsman är som sex månader och en inbrottstjuv är som två månader."
Relative_time,"[Landmark_occasion [Targ]et Last][Focal_occasion year], Goodwill helped 3,300 people find jobs that increased their self - sufficiency .","[Landmark_occasion [Targ]et förra][Focal_occasion år], Goodwill hjälpte 3 300 personer hitta jobb som ökade deras självförsörjning."
Relative_time,Remember what she said in my [Target last][Focal_participant letter]?,Minns du vad hon sa i mitt [Target sista][Focal_participant brev]?
Relative_time,"[Target Last][Focal_occasion year], Goodwill placed 511 people in jobs , more than double the number we placed in 1993 .","[Target Förra][Focal_occasion år], Goodwill placerade 511 personer i jobb, mer än dubbelt så många som vi placerade 1993."
Relative_time," They 've worked extremely hard now for six days but probably [Focal_occasion their most herculean effort]was [Target last][Landmark_occasion night], '' My Koperberg said .","De har jobbat extremt hårt nu i sex dagar men förmodligen [Focal_occasion deras mest herkuliska insats]var [Target förra][Landmark_occasion natt], '' My Koperberg sade."
Relative_time,"According to witness reports , the home owners had a new water heater installed just [Target last][Focal_occasion week], but it is not known if the fire was caused by the heater .","Enligt vittnesrapporter hade husägarna fått en ny varmvattenberedare installerad precis [Target förra][Focal_occasion veckan], men det är inte känt om branden orsakades av beredaren."
Relative_time,"Tuesday 's rout of a GOP congressional hopeful in a Mississippi district that has n't backed a Democratic presidential candidate since Adlai Stevenson is another reminder that , at least at the federal level , political `` ticket splitting '' has been on the rise over the [Target past][Focal_occasion half century].","Tisdagens krossande förlust för en republikansk kongressaspirant i ett distrikt i Mississippi som inte har stött en demokratisk presidentkandidat sedan Adlai Stevenson är ytterligare en påminnelse om att, åtminstone på federal nivå, politisk ""röstdelning"" har varit på uppgång under det [Target förflutna][Focal_occasion halvseklet]."
Relative_time,"In every presidential election over the [Target past][Focal_occasion half century], except for the Goldwater presidential candidacy , the GOP has captured a greater percentage of the major-party popular vote for president than it has of congressional seats or the popular vote for Congress .","I varje presidentval under de [Target senaste][Focal_occasion halva seklet], förutom Goldwaters presidentkandidatur, har Republikanerna vunnit en större andel av de stora partiernas folkröster för president än vad de har av kongressplatser eller folkets röster för kongressen."
Relative_time,There is neither mystery nor paradox in the fact that as educational expenditures ( in real terms ) have increased sharply in the [Landmark_occasion [Targ]et past][Focal_occasion quarter-of-a-century]-- we now spend more per pupil than any other country in the world -- educational performance has declined .,Det finns varken mysterium eller paradox i det faktum att i takt med att utbildningsutgifterna ( i reala termer ) har ökat kraftigt under det [Landmark_occasion [Targ]et gångna][Focal_occasion kvartsseklet]— vi nu spenderar mer per elev än något annat land i världen — har utbildningsresultaten försämrats.
Relative_time,"First , why ticket splitting has increased and taken the peculiar pattern that it has over the [Target past][Focal_occasion half century]: Prior to the election of Franklin Roosevelt as president and the advent of the New Deal , government occupied a much smaller role in society and the prisoner 's dilemma problem confronting voters in races for Congress was considerably less severe .","För det första, varför röstdelningen har ökat och antagit det säregna mönster som det har under det [Target förflutna][Focal_occasion halva seklet]: Före valet av Franklin Roosevelt som president och tillkomsten av New Deal, intog regeringen en mycket mindre roll i samhället och problemet med fångarnas dilemma som väljarna stod inför i valen till kongressen var betydligt mindre allvarligt."
Relative_time,"`` The installation of monitoring systems and surveillance is taking place correctly and in the [Target past][Focal_occasion days], the monitoring system has been strengthened , and there is no problem regarding this issue between Iran and the agency , '' the official added ( Reuters / New York Times , Feb. 2 ) .","`` Installationen av övervakningssystem och övervakning sker korrekt och under de [Target förflutna][Focal_occasion dagarna], har övervakningssystemet stärkts, och det finns inga problem gällande denna fråga mellan Iran och organet, '' tillade tjänstemannen ( Reuters / New York Times , 2 feb. ) ."
Relative_time,"While China has publicly declared to be consistently in compliance with the BTWC , [Target past][Focal_participant U.S. government reports]have alleged that China not only has a small - scale offensive biological weapons program , but has also transferred controlled biological weapons - related items to nations of proliferation concern such as Iran .","Även om Kina offentligt har förklarat sig konsekvent följa BTWC, [Target tidigare][Focal_participant amerikanska regeringsrapporter] har hävdat att Kina inte bara har ett småskaligt offensivt biologiskt vapenprogram, utan även har överfört kontrollerade biologiska vapenrelaterade föremål till nationer av spridningsbekymmer såsom Iran."
Relative_time,Paula_Zahn : Where bird flu has in the [Target past][Focal_occasion two years]killed at least sixty-two people .,Paula_Zahn : Där fågelinfluensan har under de [Target senaste][Focal_occasion två åren]dödat minst sextiotvå personer .
Relative_time,"Over the [Target past][Focal_occasion six months], six journalists have been killed and 10 kidnapped by drug traffickers or leftist guerrillas -- who often are one and the same -- in Colombia .","De [Target senaste][Focal_occasion sex månaderna], sex journalister har dödats och 10 kidnappats av narkotikahandlare eller vänstergerillor -- som ofta är ett och detsamma -- i Colombia."
Relative_time,"Over the [Target past][Focal_occasion 12 years], at least 40 journalists have died there .","Under de [Target senaste][Focal_occasion 12 åren], minst 40 journalister har dött där."
Relative_time,"New construction in the [Target past][Focal_occasion 10 years]has changed the city 's skyline ; with new , glittering hotels and highrise apartment blocks , the city is beginning to look a little more like Hong Kong .","Nybyggnation under [Target de senaste][Focal_occasion tio åren] har förändrat stadens silhuett; med nya, glittrande hotell och höga bostadshus, börjar staden se ut lite mer som Hongkong."
Relative_time,"The Iraqi government has agreed to let U.S. Rep . Tony Hall visit the country [Target next][Focal_occasion week]to assess a humanitarian crisis that has festered since the Gulf War of 1990 , Hall 's office said Monday .","Den irakiska regeringen har gått med på att låta den amerikanske representanten Tony Hall besöka landet [Target nästa][Focal_occasion vecka] för att bedöma en humanitär kris som har grasserat sedan Gulfkriget 1990, sade Halls kontor på måndagen."
Relative_time,"One expert , whose job is so politically sensitive that he spoke on condition that he would n't be named or quoted , said the expected influx of East European refugees over the [Target next][Focal_occasion few years]will greatly increase the chances of computer-maintenance workers , for example , doubling as foreign spies .","En expert, vars arbete är så politiskt känsligt att han talade på villkor att han inte skulle namnges eller citeras, sade att den förväntade tillströmningen av östeuropeiska flyktingar under de [Target närmaste][Focal_occasion få åren] kommer att kraftigt öka chanserna för datorunderhållsarbetare, till exempel, att dubblera som utländska spioner."
Relative_time,"The [Target next][Focal_occasion morning]his households and neighbors started talking to the tribe saying it was the national guards , they added that they heard some of them speaking English , meaning that the Americans are the ones who took Abu Dhari ( Sheik Nasr al-Fahdawi ) .","ERROR: 503 UNAVAILABLE. {'error': {'code': 503, 'message': 'This model is currently experiencing high demand. Spikes in demand are usually temporary. Please try again later.', 'status': 'UNAVAILABLE'}}"
Relative_time,Exactly because it 's not [Target next][Focal_occasion day]they have the start the trial which is X number of months and just prolongs the situation that much more .,Just därför att det inte är [Target nästa][Focal_occasion dag]de måste starta rättegången som är X antal månader och bara förlänger situationen så mycket mer.
Relative_time,""" Well , what is the [Target next][Focal_occasion step]? ""","Nå, vad är [Target nästa][Focal_occasion steg]?"
Relative_time,"With temperatures in the high 30 degree Celsius range and winds around 50 km/h ( 31 Mph ) , fire fighters are bracing for the worst in the Blue Mountains over the [Target next][Landmark_occasion few days].","Med temperaturer uppåt 30 grader Celsius och vindar runt 50 km/h ( 31 Mph ) , förbereder sig brandmän på det värsta i Blå Bergen under de [Target närmaste][Landmark_occasion få dagar]."
Relative_time,""" The [Target next][Focal_occasion step]is the note received by Garcia at the dinner .",Det [Target nästa][Focal_occasion steg] är lappen som Garcia fick på middagen.
Relative_time,"In the [Target latest][Landmark_occasion quarter], [Focal_occasion Aetna had a $ 23 million loss on its auto / homeowners line], compared with earnings of $ 33 million last year .","I det [Target senaste][Landmark_occasion kvartalet], [Focal_occasion Aetna hade en förlust på 23 miljoner dollar inom sin bil- / hemförsäkringsverksamhet], jämfört med en vinst på 33 miljoner dollar förra året."
Relative_time,"Additionally , I am sending traditional background materials on the Museum and the two [Target latest][Focal_participant issues of our Previews Magazine]detailing upcoming events , exhibitions , and educational programs .","Dessutom skickar jag med traditionellt bakgrundsmaterial om museet och de två [Target senaste][Focal_participant nummer av vårt magasin Previews]som beskriver kommande evenemang, utställningar och utbildningsprogram."
Relative_time,The [Target latest][Focal_participant approach]is perhaps the best of the post-mob era : the comprehensive resort .,Den [Target senaste][Focal_participant strategi]är kanske den bästa från post-mobb-eran : den heltäckande lösningen.
Relative_time,"There 's nothing they like better than having a good chat about the [Target latest][Focal_participant bit of gossip]: who is doing what , where , and why .","Det är inget de gillar bättre än att snacka gott om det [Target senaste][Focal_participant skvallret]: vem som gör vad, var och varför."
Relative_time,Then we went out for a [Target late][Focal_occasion swim].,"ERROR: 503 UNAVAILABLE. {'error': {'code': 503, 'message': 'This model is currently experiencing high demand. Spikes in demand are usually temporary. Please try again later.', 'status': 'UNAVAILABLE'}}"
Relative_time,"But [Landmark_occasion he]was as cunning as he was cruel , and at the first whisper of [Target coming][Focal_occasion trouble]he had secretly conveyed his treasures aboard a ship which was manned by devoted adherents .","Men [Landmark_occasion han] var lika listig som han var grym, och vid första antydan till [Target kommande][Focal_occasion problem] hade han i hemlighet fört sina skatter ombord på ett skepp som bemannades av hängivna anhängare."
Relative_time,"[Focal_occasion Day][Target succeeded][Landmark_occasion day], and my friend took no step forward .","ERROR: 503 UNAVAILABLE. {'error': {'code': 503, 'message': 'This model is currently experiencing high demand. Spikes in demand are usually temporary. Please try again later.', 'status': 'UNAVAILABLE'}}"
Taking_time,"In serious cases results can be produced more quickly , but in the case of organic pollutions [Activity the analysis itself][Target takes][Time_length five days].","I allvarliga fall kan resultat produceras snabbare, men när det gäller organiska föroreningar [Activity själva analysen][Target tar][Time_length fem dagar]."
Taking_time,[Activity The whole action]must [Target take][Time_length no more than five seconds].,[Activity Hela åtgärden] måste [Target ta] [Time_length högst fem sekunder].
Taking_time,That 's usually [Time_length how long]it [Target takes][Activity for the temblors to pass].,"ERROR: 503 UNAVAILABLE. {'error': {'code': 503, 'message': 'This model is currently experiencing high demand. Spikes in demand are usually temporary. Please try again later.', 'status': 'UNAVAILABLE'}}"
Taking_time,It 's hard to accept that [Activity it]'s over and only [Target took][Time_length 15 seconds].,"ERROR: 503 UNAVAILABLE. {'error': {'code': 503, 'message': 'This model is currently experiencing high demand. Spikes in demand are usually temporary. Please try again later.', 'status': 'UNAVAILABLE'}}"
Taking_time,"[Activity A series of 5,000 or so changes]is a `` peal '' and [Target takes][Time_length about three hours].",[Activity En serie av cirka 5 000 växlingar] är en `` helringning '' och [Target tar][Time_length cirka tre timmar].
Taking_time,"[Activity The facility , which was designed to destroy 350 tons of nerve agent yearly utilizing hydrolysis followed by incineration], cost 50 million rubles and [Target took][Time_length more than three years][Activity to build].","[Activity Anläggningen, som utformades för att förstöra 350 ton nervgas årligen genom hydrolys följt av förbränning], kostade 50 miljoner rubel och [Target tog][Time_length mer än tre år][Activity att bygga]."
Taking_time,It does n't [Target take][Time_length long][Activity to create the calc sheets].,Det [Target tar] inte [Time_length lång tid][Activity att skapa kalkylbladen].
Taking_time,It [Target takes][Time_length a long time][Agent for him][Activity to gain the self - confidence to work elsewhere in the community].,Det [Target tar][Time_length en lång tid][Agent för honom][Activity att få självförtroendet att arbeta någon annanstans i samhället].
Taking_time,"Shenzhen is easy to reach - the KCR commuter train runs throughout the day , [Activity the trip][Target taking]about [Time_length 40 minutes].","Shenzhen är lätt att nå - KCR pendeltåget går hela dagen, [Activity resan][Target tar] ungefär [Time_length 40 minuter]."
Taking_time,Turbo Cat ferries leave the China Hong Kong City ( CHKC ) terminal twice a day ; [Activity the journey][Target takes][Time_length two hours].,Turbo Cat-färjor avgår från China Hong Kong City ( CHKC )-terminalen två gånger om dagen; [Activity resan][Target tar][Time_length två timmar].
Taking_time,"Citibus also travels to Guangzhou from CHKC ; there are [Activity five round-trips a day], [Target taking][Time_length 3 1/2 hours].","Citibus reser också till Guangzhou från CHKC; det går [Activity fem tur och retur-resor om dagen], [Target tar][Time_length tre och en halv timmar]."
Taking_time,"To get here , follow the path from the southwest end of Discovery Bay ; [Activity the walk][Target takes][Time_length about 30 minutes].","För att komma hit, följ stigen från den sydvästra änden av Discovery Bay; [Activity promenaden][Target tar][Time_length cirka 30 minuter]."
Taking_time,[Activity The 40 - mile trip][Target takes][Time_length about an hour].,"ERROR: 503 UNAVAILABLE. {'error': {'code': 503, 'message': 'This model is currently experiencing high demand. Spikes in demand are usually temporary. Please try again later.', 'status': 'UNAVAILABLE'}}"
Taking_time,It did n't [Target take][Time_length long][Activity for the city to establish itself as a wild- West town with an `` anything goes '' attitude].,"Det [Target tog] inte [Time_length lång tid][Activity för staden att etablera sig som en Vilda Västern-stad med en ""allt är tillåtet""-attityd]."
Taking_time,It could [Target take][Time_length at least five days][Activity before the fire can be brought under full control].,Det skulle kunna [Target ta][Time_length åtminstone fem dagar][Activity innan branden kan fås under fullständig kontroll].
Taking_time,Authorities say [Activity the investigation into how it started]may [Target take][Time_length up to three days][Activity to finish].,Myndigheterna säger [Activity utredningen om hur det började] kan [Target ta] [Time_length upp till tre dagar] [Activity att bli klar].
Taking_time,It could [Target take][Time_length several weeks][Activity before the fire is completely extinguished].,Det skulle kunna [Target ta][Time_length flera veckor][Activity innan branden är helt släckt].
Taking_time,There is neither mystery nor paradox in the fact that as [Activity educational expenditures ( in real terms ) have increased sharply][Target in][Time_length the past quarter-of-a-century]-- we now spend more per pupil than any other country in the world -- educational performance has declined .,Det finns varken mysterium eller paradox i att allteftersom [Activity utbildningsutgifterna ( i reala termer ) har ökat kraftigt][Target i][Time_length det senaste kvartsseklet] – vi nu spenderar mer per elev än något annat land i världen – har utbildningsresultaten försämrats.
Taking_time,[Target In][Time_length that time]more than 1.2 million jobs have been created and the official jobless rate has been pushed below 17 % from 21 % .,"[Target I][Time_length den tiden]över 1,2 miljoner jobb har skapats och den officiella arbetslöshetssiffran har pressats under 17 % från 21 % ."
Taking_time,"[Target In][Time_length the short while since Goodwill helped him find his job], [Activity Robert has learned to thoroughly clean a motel room in about 40 minutes].","[Target Under][Time_length den korta tid sedan Goodwill hjälpte honom att hitta sitt jobb], [Activity Robert har lärt sig att städa ett motellrum noggrant på cirka 40 minuter]."
Taking_time,The [Attribute [Targe]t rapid][Activity changes in Eastern Europe][Time towards the end of 1989]began to culminate in independent calls for foreign troop withdrawals from the countries concerned .,De [Attribute [Targe]t snabba][Activity förändringarna i Östeuropa][Time mot slutet av 1989] började kulminera i självständiga krav på utländska trupptillbakadraganden från de berörda länderna.
Taking_time,"Second , the political response to a [Attribute [Targe]t rapid][Activity deterioration in the economy]implies a greater probability of a coup d'état or a battening down of the hatches by the government .","För det andra, det politiska svaret på en [Attribute [Targe]t snabb][Activity försämring av ekonomin] innebär en större sannolikhet för en statskupp eller att regeringen stramar åt tyglarna."
Taking_time,The [Degree very][Attribute [Targe]t rapid][Activity expansion of the education system]has left support systems running to catch up .,Den [Degree mycket][Attribute [Targe]t snabba][Activity utbyggnaden av utbildningssystemet] har gjort att stödsystemen har fått springa ikapp.
Taking_time,"Taking the game in 1986 , Lea-Anna 's first handicap was 36 , but [Activity her progression]has been [Degree extremely][Attribute [Targe]t rapid]and she is currently playing off 15 .","Började spela 1986, Lea-Annas första handicap var 36, men [Activity hennes utveckling] har varit [Degree oerhört][Attribute [Targe]t snabb] och hon spelar nu på 15."
Taking_time,"If in Japan the railway symbolized [Agent the country 's][Attribute [Targe]t rapid][Activity response to Western power and influence], Chinese resistance to the West was characterized by an often violent antipathy to railways .","Om i Japan järnvägen symboliserade [Agent landets][Attribute [Targe]t snabba][Activity svar på västerländsk makt och inflytande], kännetecknades kinesiskt motstånd mot väst av en ofta våldsam motvilja mot järnvägar."
Taking_time,"The staccato of the oboe is very telling , and [Degree fairly][Attribute [Targe]t rapid][Activity reiteration]is within its powers .","Staccatot av oboen är mycket talande, och [Degree ganska][Attribute [Target] snabb][Activity upprepning] ligger inom dess förmåga."
Taking_time,"More importantly , few coins of the house of Theodosius have been recorded , indicating a [Degree fairly][Attribute [Targe]t rapid][Activity end to the occupation].","Viktigare är dock, få mynt från Theodosius ätt har registrerats, vilket tyder på ett [Degree ganska][Attribute [Targe]t snabbt][Activity slut på bosättningen]."
Taking_time,"The German and Italian support restored the strength of the rebels and was eventually decisive , while Soviet intervention led to a [Attribute [Targe]t rapid][Activity expansion of the previously weak Spanish Communist Party].","Det tyska och italienska stödet återställde rebellernas styrka och blev till slut avgörande, medan sovjetisk intervention ledde till en [Attribute [Targe]t snabb][Activity expansion av det tidigare svaga spanska kommunistpartiet]."
Taking_time,A shortage of jobs for young researchers is partly responsible -- but another important factor is the [Degree too][Attribute [Targe]t rapid][Activity expansion of the universities],En brist på jobb för unga forskare är delvis ansvarig -- men en annan viktig faktor är den [Degree alltför][Attribute [Targe]t snabba][Activity utbyggnad av universiteten]
Taking_time,[Activity Westward extension]was [Attribute [Targe]t rapid]until the formation of the main group of laterals round the House Hills ( 2-4 on Fig. 8.22 ) .,[Activity Västlig utbredning]var [Attribute [Targe]t snabb]tills bildningen av huvudgruppen av sidogrenar runt House Hills ( 2-4 på Fig. 8.22 ) .
Taking_time,These findings indicate that nociceptive neurones control mechanisms of defence against acute injury but are not required for [Attribute [Targe]t rapid][Activity repair of injured mucosa].,Dessa fynd indikerar att nociceptiva neuroner kontrollerar försvarsmekanismer mot akut skada men inte är nödvändiga för [Attribute [Targe]t snabb][Activity reparation av skadad slemhinna].
Taking_time,"ets- 1 , ets- 2 and ese- 1 / esx . Smad 7 was of particular interest as it belongs to the inhibitory Smads , which can counteract TGF?-induced gene activation [ 23 ] . [Activity The response of the smad 7 gene to TGF?]is [Degree unusually][Attribute [Targe]t rapid][ 24 ] which is believed to stem from the peculiar nature of the Smad 7 promoter that contains a "" perfect "" Smad binding site [ 25 ] . Another inhibitory Smad protein is Smad 6 .","ets- 1 , ets- 2 och ese- 1 / esx . Smad 7 var av särskilt intresse då den tillhör de hämmande Smad-proteinerna , som kan motverka TGF?-inducerad genaktivering [ 23 ] . [Activity Svaret från smad 7-genen på TGF?]är [Degree ovanligt][Attribute [Targe]t snabbt][ 24 ] vilket tros härröra från Smad 7-promotorns speciella natur som innehåller en "" perfekt "" Smad-bindningsplats [ 25 ] . Ett annat hämmande Smad-protein är Smad 6 ."
Taking_time,"Irrespective of the upstream mechanism of FFA and CD 36 interaction , our results demonstrate [Degree very][Attribute [Targe]t rapid][Activity activation of a well-characterized intracellular kinase cascade of proapoptotic signaling].","Oavsett den uppströms mekanismen för interaktion mellan FFA och CD36, visar våra resultat [Degree mycket][Attribute [Targe]t snabb][Activity aktivering av en välkarakteriserad intracellulär kinaskaskad av proapoptotisk signalering]."
Taking_time,The advent of [Attribute [Targe]t rapid][Activity tests for diagnosing HIV infection]represents one part of the solution .,Framväxten av [Attribute [Targe]t snabba][Activity tester för att diagnostisera HIV-infektion]representerar en del av lösningen .
Taking_time,Its high rate of return combined with its increasing share of total investment meant that information technology has been a major contributor to the [Attribute [Targe]t rapid][Activity economic growth][Duration since 1995].,Dess höga avkastning i kombination med dess ökande andel av de totala investeringarna innebar att informationstekniken har varit en stor bidragande orsak till den [Attribute [Targe]t snabba][Activity ekonomiska tillväxten][Duration sedan 1995].
Taking_time,"In fact , a supplier that attempts to provide [Attribute [Targe]t rapid][Activity replenishment]without any other innovations may end up performing poorly from the perspective of its retail customers .","I själva verket, en leverantör som försöker erbjuda [Attribute [Targe]t snabb][Activity påfyllning] utan några andra innovationer, kan komma att prestera dåligt ur sina detaljhandelskunders perspektiv."
Taking_time,"[Activity The ERCA amplification reaction]is [Attribute [Targe]t rapid], generating signal in as little as 10 minutes , and is incubated at a single temperature .","[Activity ERCA-amplifieringsreaktionen] är [Attribute [Targe]t snabb], genererar signal på så kort tid som 10 minuter, och inkuberas vid en enda temperatur."
Taking_time,"[Activity This response]was [Attribute [Targe]t rapid], occurring within 0 . 5 hours of endotoxin administration , and biphasic .","[Activity Detta svar] var [Attribute [Targe]t snabb], inträffande inom 0,5 timmar efter administrering av endotoxin, och bifasisk."
Taking_time,"[Activity The reaction of F 158 A with nitrocefin]was [Degree so][Attribute [Targe]t rapid], we could not determine a K S value for this mutant .","[Activity Reaktionen av F 158 A med nitrocefin] var [Degree så][Attribute [Targe]t snabb], kunde vi inte bestämma ett K S-värde för denna mutant."
Taking_time,"In Europe people had time to contemplate the area before settling on an appropriate name ; in the United States , where [Activity settlement]was [Degree more][Attribute [Targe]t rapid], names often had to be chosen without delay .","I Europa hade människor tid att begrunda området innan de bestämde sig för ett lämpligt namn; i Förenta staterna, där [Activity bosättning] var [Degree mer][Attribute [Targe]t snabb], namn ofta fick väljas utan dröjsmål."
Taking_time,"The RAPD technique [ 9 10 ] , provides a convenient and [Target rapid][Activity assessment of the differences in the genetic composition of the related individuals]and has been employed in a large number of plants for the determination and assessment of genetic diversity .","RAPD-tekniken [ 9 10 ] , erbjuder en bekväm och [Target snabb][Activity bedömning av skillnaderna i den genetiska sammansättningen hos närbesläktade individer]och har använts i ett stort antal växter för bestämning och bedömning av genetisk mångfald ."
Taking_time,"Partly as a result of the shortcomings in the Nuclear Non - Proliferation Treaty ( NPT ) safeguards system -- which allowed the [Target rapid][Activity development of the Iraqi nuclear program in the 1970s and North Korea 's in the 1990s]to go largely undetected -- and partly by assessing Iran 's intentions , the international community and the International Atomic Energy Agency ( IAEA ) have increased their scrutiny of Iran 's activities over the last several years .","Delvis som ett resultat av bristerna i icke-spridningsavtalet (NPT):s kontrollsystem -- vilket tillät den [Target snabba][Activity utvecklingen av det irakiska kärnvapenprogrammet på 1970-talet och Nordkoreas på 1990-talet] att förbli till stor del oupptäckt -- och delvis genom att bedöma Irans avsikter, har det internationella samfundet och Internationella atomenergiorganet (IAEA) ökat sin granskning av Irans aktiviteter under de senaste åren."
Taking_time,"Although in 88 b.c. , Mithradates made a [Target swift]and successful [Activity raid from the East across Asia Minor and the Aegean Islands], the next major power change brought influence from the West .","Även om år 88 f.Kr. Mithradates utförde ett [Target blixtsnabbt] och framgångsrikt [Activity anfall från öster över Mindre Asien och de Egeiska öarna], förde nästa stora maktskifte med sig inflytande från väster."
Taking_time,"But because these claims are more difficult to evaluate and have been [Activity coming in][Degree more][Target slowly], the company has no estimate of the impact of the earthquake on fourth - quarter results .","Men eftersom dessa anspråk är svårare att utvärdera och har [Activity kommit in][Degree mer][Target långsamt], har företaget ingen uppskattning av jordbävningens effekter på fjärde kvartalets resultat."
Taking_time,"Although the islands saw little action , as the war went on they could see that [Agent Athens]was [Target slowly][Activity losing its power].","Även om öarna såg lite strid, allt eftersom kriget fortskred kunde de se att [Agent Aten] var [Target långsamt][Activity på väg att förlora sin makt]."
Taking_time,"As corporations moved in and [Activity the mob was][Target slowly][Activity pushed out], a new Las Vegas emerged .","As corporations moved in and [Activity maffian blev][Target sakta][Activity utträngd], ett nytt Las Vegas uppstod."
Taking_time,Fossils tell an obscure story of [Agent man 's][Target slow]and sporadic [Activity development].,Fossiler berättar en dunkel historia om [Agent människans][Target långsamma] och sporadiska [Activity utveckling].
Taking_time,Both young and old go through ballet - like movements in [Target slow][Activity motion]to discipline the mind and body .,Både unga och gamla genomför balettliknande rörelser i [Target långsam][Activity rörelse] för att disciplinera sinnet och kroppen.
Taking_time,"[Activity The Greek Hellenistic Empire]was [Target gradually], and peacefully , [Activity absorbed into the Roman Empire].","[Activity Det grekiska hellenistiska riket] blev [Target gradvis], och fredligt , [Activity införlivat i Romarriket]."
Taking_time,[Activity It][Target quickly][Activity spread to the first floor where the main bathroom was destroyed].,[Activity Det][Target snabbt][Activity spred sig till första våningen där huvudbadrummet förstördes].
