frame,english
Change_event_time,Our information is that Mr Evans left the Club in order to go and see [Cause what]was [Target delaying][Event the arrival of his wife]whom he had been expecting for some time .
Change_event_time,"Knowing what he would find when he went there , and knowing that it would pain him , [Agent Edouard][Target delayed][Event the moment when he would make a formal inspection of the house]. "
Change_event_time,"[Agent She]reached for the glass , [Target delaying][Event the moment when she 'd have to answer], unsure even how to answer . "
Change_event_time,It would seem reasonable to call a drug an analgesic for a rat if [Cause it][Target delays][Event the time when the rat licks its feet when parked on a hot plate].
Change_event_time,Was [Event autumn][Degree further][Target delayed][Explanation to allow six party conferences one after the other]?
Change_event_time,"The problem came to light when [Event an ambulance]was [Target delayed][Event attending an emergency at Harwood-in-Teesdale], just before Christmas . "
Change_event_time,[Agent Owner-occupiers]tend to [Target delay][Event childbearing]because they face heavy housing costs at the beginning of their marriage .
Change_event_time,"Eventually the time came when [Agent she]could n't [Target delay][Event going downstairs]any longer , and when she reached the kitchen she discovered that the visitor had left , and that Silas was examining the contents of the fridge . "
Change_event_time,[Agent Bradford Northern coach Peter Fox]has [Target delayed][Event naming his side for tomorrow 's Trophy quarter-final against Widnes]but Great Britain scrum-half Deryck Fox is definitely out .
Change_event_time,RUGBY UNION : [Agent Scotland]have [Target delayed][Event naming their team for Saturday 's international against world champions Australia]amid continuing doubts over the fitness of full back Gavin Hastings .
Change_event_time,Do not [Target delay][Event requesting veterinary attention for any young foal which is not sucking and has diarrhoea].
Change_event_time,"[Agent I][Target delayed][Event switching the computer off]while I racked my brain trying to think of some way of saving them , but there was none . "
Change_event_time,"At their meeting in either 1749 or 1750 , Christopher Smart accepted this task from Richardson ; however , [Agent he][Target delayed][Event writing the piece which was to be printed in the volume]. "
Change_event_time,"[Agent She]rattled on breathlessly , perhaps encouraged , Dexter thought , by a desire to [Target delay][Event Blanche coming to the point of the meeting]. "
Change_event_time,[Agent Corporate lawyers]managed to [Target delay][Event the case coming to court][Interval for two years]and then they prolonged the proceedings for a further two years .
Change_event_time,[Cause The crisis over aid to eastern Bosnia]has [Target delayed][Event the peace negotiations taking place at the United Nations].
Change_event_time,[Agent A HOME OFFICE minister]yesterday intervened at the last minute to [Target delay][Event a Kurdish refugee being flown back to Turkey].
Change_event_time,So [Agent he]was [Target delaying][Event beginning to play].
Change_event_time,But the government front bench denied opposition claims that [Agent they]'d [Manner deliberately][Target delayed][Event the decision]to boost Tory support on the eve of the Party Conference .
Change_event_time,"Consequently , [Agent field social workers][Target delayed][Event the decision to admit young people to care], and , subsequently , were forced to do so when events had overtaken them . "
Change_event_time,[Agent Glaxo]has since [Target delayed][Event the launch][Destination_event to await product approvals]but it 's a massive project and will take out rigid packaging business forward very quickly when it comes on stream -- probably late this year .
Change_event_time,Race officials claim [Event the start of the run]had been [Target delayed][Interval 20 minutes][Explanation to avoid the train]but the race was running 10 minutes ahead of schedule .
Change_event_time,"[Cause The new discovery , of weakness in welded joints], may [Target delay][Event plans to reopen the plant 's two reactors]. "
Change_event_time,[Agent SALVAGE specialists]were forced yesterday to [Target delay][Event plans to refloat the Danish cargo ship aground on an island in the Pentland Firth].
Change_event_time,"Researchers at NASA claim that even if the sulphur effect does exist , [Cause it]could at most only [Target delay][Event the greenhouse effect][Destination_event until fossil fuels run out]. "
Change_event_time,"[Agent They]were , however , encouraged to [Target delay][Event their accident estimate][Destination_event until they had thought specifically about how busy the junction would normally be and how it might appear in other conditions]. "
Change_event_time,SOUTH AFRICA 'S National Party government and the African National Congress agreed yesterday on [Cause a course][Cause that]could [Target delay][Event majority black government][Destination_time until the end of the century].
Change_event_time,[Cause The problem]has [Target delayed][Event the second phase][Interval by 18 months].
Change_event_time,Hurworth dentist Simon Allum said : ` Despite [Agent the Government][Target delaying][Event the decision][Interval by a month]we still have not been answered .
Change_event_time,The first one was to the house in Colchester to ask if they 'd mind if [Agent I][Target delayed][Event my arrival][Interval by one more day].
Change_event_time,"[Agent He][Target delayed][Event the trip][Interval by two days], arrived in London on 8 June , and went into a series of meetings with the Commons committee , Sir Geoffrey , Mrs Thatcher and the Press . "
Change_event_time,For the first time in their history [Agent the Tuareg -- the largest tribe of Nomads in the Sahara Desert]-- recently [Target delayed][Event their annual migration][Interval for 10 days]so as to catch the final episode of Dallas
Change_event_time,"A commonly held view is that [Agent he][Target delayed][Event withdrawal][Explanation for political reasons], until after the presidential elections of December 1965 . "
Change_event_time,Or maybe that is an apocryphal story and [Agent she]thought about [Target delaying][Event the journey][Interval for twenty-four hours]because she had a hair appointment .
Change_event_time,Paul Reichmann asked [Agent me]to [Target delay][Event everything][Interval for two months]and I agreed .
Change_event_time,[Agent Many women]have been [Target delaying][Event births][Interval for years].
Change_event_time,"It must be sensible to [Target delay][Event breeding][Destination_event until the mare has had a chance to prove herself as a sound , willing ride]. "
Change_event_time,[Agent We]could have [Target delayed][Event the trial][Destination_event until the tax business was settled].
Change_event_time,One bonus of [Target delaying][Event an election][Destination_time until 1992]would be that Mr Major could use a summer reshuffle to continue reshaping the government he inherited from Mrs Thatcher .
Change_event_time,The Swedish government announced in mid-January that [Agent it]would [Target delay][Event a promised phase-out of nuclear power][Destination_event until alternative energy sources became viable].
Change_event_time,Deeper hard pans require more drastic operations such as double digging ; in established gardens [Agent you]may prefer to [Target delay][Event the upheaval][Destination_event until each area affected is due for renewal and replanting].
Change_event_time,"[Agent Huy]had [Target delayed][Event telling Merymose about Surere], waiting for the right moment to come . "
Change_event_time,But [Event the experiment]was [Target delayed][Interval a day][Explanation because of the strike].
Change_event_time,"[Cause The incident][Target delayed][Event the Wardair Airbus on its flight to Toronto][Interval by three hours 11 minutes]and she asked for compensation of more than £1,500 . "
Change_event_time,"Friends of the Earth urged [Agent the government]to [Target delay][Event any decision on Thorp][Destination_event until after the advisory committee completes its review of radioactive waste disposal for the next 20 years], which is expected next year . "
Change_event_time,"[Agent Security forces][Target delayed][Interval 50 hours][Event before searching the region], allowing the murderers to escape the net . "
Change_event_time,"Similarly , [Cause stock shortages][Target delay][Event deliveries , hold up contracts , lose customers and cause money problems]. "
Change_event_time,That 's why [Agent I][Target delayed][Event coming home].
Change_event_time,"In Zambia , [Cause such procedures]have [Target delayed][Event the purchase of essential new equipment]. "
Change_event_time,"[Cause Concealing the body]might have [Target delayed][Event the scheme], but not aborted it . "
Change_event_time,“ [Agent I]'m going to [Target delay][Event them]. ”
Change_event_time,[Agent I]have been [Target delaying][Event you].
Change_event_time,Who will pay compensation if [Event one operators ' trains]are [Target delayed][Cause by a breakdown of a train by another operator]?
Change_event_time,Traffic disruption and a shortage of change at the turnstiles saw [Event the kick-off][Target delayed][Interval by 15 minutes].
Change_event_time,"[Cause Further studies]were [Target delaying][Interval by two years][Event measures to save Lake Ichkeul in Tunisia], which was in danger of being reduced to a salty lagoon after the damming in the 1970s of the six rivers feeding it . "
Change_event_time,"The Coronations were launched by an ever-publicity-conscious Luff , shortly before [Event his retirement], [Event which][Agent he][Target delayed][Destination_time until 1954]. "
Change_event_time,"` Saturday 's situation appears to have been caused because [Agent people][Target delayed][Event before going out into the rain]. "" "
Change_event_time,"Maybe if [Agent he]could [Target delay][Interval a little longer], Springfield would discover his sweep had failed to capture the ringleader and send men in to flush him out . "
Change_event_time,"Some fear that if [Agent Mr Mieno][Target delays][Interval much longer], he risks overkill . "
Change_event_time,"Consequently , he wants [Agent the Government]to [Target delay][Interval no longer], but to begin to devolve real responsibility to the people of Northern Ireland . "
Change_event_time,He sent an army under Counts Hugh and Matfrid to help Bernard ; but [Agent the two commanders][Target delayed][Interval so long]en route [Interval that Muslim troops were able to ravage the county of Barcelona].
Change_event_time,"But she discovered [Agent she]had [Target delayed][Interval too long], for as she reached the hall , there before her , and as cool as you like , was Naylor . "
Change_event_time,[Cause US concerns about Iranian nuclear ambitions]are currently [Target delaying][Event the granting of IAEA fellowships to Iranian nationals].
Change_event_time,"The United States was dissatisfied with the postponement of safeguards inspections to verify Pyongyang 's past activities , and North Korea was dissatisfied with the [Target delayed][Event construction of the light water power reactors]."
Change_event_time,"Republican Senator John Cornyn , who leads the India Caucus in the US Senate along with Democratic Senator Hillary Clinton , Friday took the floor to answer [Agent Byron Dorgan , a critic of the deal][Agent who]has vowed to do all to [Target delay]if not stop [Event it]."
Change_event_time,Britain doubted whether [Agent the UN]could do more than to [Target postpone][Event the day when Soviet domination over Korea was established].
Change_event_time,"[Cause Permitting new supplies], as is suggested in paragraph 55 of draft MPG6 , only [Target postpones][Event the day when such a prospect has to be faced]. "
Change_event_time,"[Agent The Rolling Stones , George Harrison , Bob Dylan and Rod Stewart]are still strutting and fretting away , [Target postponing][Event the time when they are heard no more]. "
Change_event_time,It is impossible to [Target postpone][Event childbearing]indefinitely without children being cancelled altogether .
Change_event_time,"[Agent He][Target postponed][Event implementing a scheme]until more groups , including industry and business , were consulted . "
Change_event_time,[Agent The judge][Target postponed][Event sentencing][Destination_event for pyschiatric reports]but warned the normal punishment for attempted robbery was at least 7 years in prison .
Change_event_time,"[Agent The Mexican government]has [Target postponed][Event plans to construct a hydro-electric dam on the Rio Usumancinta , near the border with Guatemala]. "
Change_event_time,There was also concern among US officials that the funding would encourage [Agent Israel]to continue to [Target postpone][Event steps to liberalize the economy].
Change_event_time,"With an election looming on June 6th , [Agent the Socialist government]had every reason to [Target postpone][Event the embarrassment of a third successive devaluation]. "
Change_event_time,"[Agent The banks]also agreed to [Target postpone][Event amortization payments due between 1991 and 1994], a measure calculated to save Chile approximately $1,800 million annually over the following four years . "
Change_event_time,"[Agent Television]had [Target postponed][Event Manchester United 's scheduled visit to Anfield]so it could be shown live on 22 December , the longest night . "
Change_event_time,"It does not seem , in general , valuable to [Target postpone][Event death][Interval by a few hours]at enormous cost . "
Change_event_time,"As things are , I 'd like [Agent you]to [Target postpone][Event your leave][Interval for a bit]. "" "
Change_event_time,[Agent The mother][Target postponed][Event her second marriage][Interval for six months]to give time to sort out the new relationships .
Change_event_time,"When [Agent the Soviet parliament]invoked emergency laws to [Target postpone][Event the strike][Interval for two months], the union refused to call it off -- in effect , daring the government to end it by force . "
Change_event_time,"[Agent Tripoli][Target postponed][Event the elections][Destination_time until February]; Ajdabiyans confidently expected them on 1 February , and after that day the chairman of the local Assembly telephoned Tripoli each afternoon to ask if he should hold the poll . "
Change_event_time,The Law Society has urged [Agent the Government]to [Target postpone][Event the changes in civil legal aid][Interval for one year]because it believes the rise in spending on it is a temporary blip .
Change_event_time,"He plans to go ahead with [Event his wedding], [Event which]was [Target postponed]last Wednesday , on his return to Sarajevo . "
Change_event_time,"Originally scheduled for late May , [Event the conference]was [Target postponed][Agent by the government][Destination_time to July 15]. "
Change_event_time,"However , [Event the trial]has been [Target postponed][Interval indefinitely]. "
Change_event_time,[Event The presentation of the 1991/92 budget]had been [Target postponed][Landmark_time from February 1991]under Congress ( I ) pressure because of the approaching general election [ see p. 38006 ] .
Change_event_time,[Event The freeing of oil prices]was [Target postponed][Destination_time until June][Landmark_time from the target date of April 1].
Change_event_time,The danger is that [Agent prospective purchasers]will [Target postpone][Event spending money][Destination_event until they have finished upgrading to Windows].
Change_event_time,"[Agent John Scott Morgan], author and a member of the Society , had to [Target postpone][Event the talk originally arranged for October 1992]. "
Change_event_time,"[Event The visit], [Target postponed][Landmark_time from September], included an address by Yeltsin to the South Korean National Assembly on Nov. 19 . "
Change_event_time,"[Agent The Presidents of Russia and Lithuania][Target postponed][Destination_time until October][Event the actual signature of a treaty on troop withdrawal], due to "" technical "" difficulties . "
Change_event_time,"His wife Val contributes a postscript in which she reveals , rather wanly , that she is still looking forward to her [Event honeymoon], [Target postponed]because of a rugby match . "
Change_event_time,"We can stay much as we are , in the same old muddle , with [Event difficult decisions][Target postponed]. "
Change_event_time,"[Agent You]avoid , [Target postpone], or hide [Event the conflict that you fear]. "
Change_event_time,"Specifically , [Agent Iran]was rebuked for [Target postponing][Event IAEA visits to a number of locations related to Iran 's P - 2 centrifuge enrichment program , which had been scheduled to take place in March 2004]."
Change_event_time,I was to see that the doors were open and the signal of a green or white light in a window which faced the drive was to give notice if all was safe or if [Event the attempt]had better be [Target postponed].
Change_event_time,"These goods are also expensive , so [Agent people][Target defer][Event buying them]when they are hard-up . "
Change_event_time,"Sandford , however , urged [Agent us]to [Target defer][Event going down there][Interval for at least two months]: the rains had only recently ended and after the rains a virulent type of malaria was prevalent in the Awash valley . "
Change_event_time,Eventually [Agent the committee]agreed to [Target defer][Event a decision to see if the school could team up with neighbouring villages to boost numbers].
Change_event_time,He said opponents hoped [Agent the council]would either reverse or [Target defer][Event their decision to close Hustledown House].
Change_event_time,[Agent Barnett]wanted to [Target defer][Event the building of a new British Library next to St Pancras Station].
Change_event_time,[Agent The Court of Appeal][Target deferred][Event the possession order][Interval for three months].
Change_event_time,"After a series of discussions , [Agent LASMO North Sea and its partners]have decided to [Target defer][Event the development of the Columba field]. "
Change_event_time,In return for the council taking proceedings against the company [Agent the residents][Target deferred][Event their own legal action]and allowed the dump to re-open .
Change_event_time,"Well , [Agent we][Target deferred][Event many difficult decisions], and this was just one of them . "" "
Change_event_time,[Agent The planning committee]decided on Monday evening to [Target defer][Event its decision about the application][Destination_event until after that meeting].
Change_event_time,"Within each there are many honours degree specialisations , and , although courses become progressively more specialised , [Agent students][Target defer][Event a final choice about their ultimate subject of study][Destination_event until the end of their third year]. "
Change_event_time,"Scheherezade begins the long series of tales that constitute The Arabian Nights , so successfully stimulating the King 's curiosity to hear more that [Agent he]constantly [Target defers][Event the order for her execution]. "
Change_event_time,In the end [Agent we]compromised and [Target deferred][Event the issue][Destination_event for later discussion between us].
Change_event_time,[Agent Judge William Hannah][Target deferred][Event sentence][Interval for six months].
Change_event_time,"For these reasons , [Agent the Council]has decided to [Target defer][Event the matter][Interval for three years]. "
Change_event_time,"[Agent The committee][Target deferred][Event a decision on the application], and the matter will be further considered at a later date . "
Change_event_time,[Agent John]could see some trivial improvements but [Target deferred][Event any mention of them].
Change_event_time,[Event Further investigation of the complaint]was [Target deferred][Destination_event until the outcome of the criminal proceedings against the two young men].
Change_event_time,[Event Changes]will be [Target deferred]if there is insufficient information available to make a decision .
Change_event_time,[Event The item]was [Target deferred][Destination_event until the full council meets on November 26].
Change_event_time,It is more important for [Agent them]to [Target defer][Event their childbearing]and to compress it into a short space of time in their married life .
Change_event_time,"Traditionally it had been [Agent the poor][Agent who]had [Target deferred][Event marriage][Destination_event until they could become independent]in an economy of the margins , but the early impact of industrialisation appears to have broken the pattern . "
Change_event_time,"But , in all cases [Agent we][Target defer][Event repayment][Destination_event until you complete the course], and then agree a repayment programme that is based on your earnings . "
Change_event_time,For this reason it was felt in Washington that the occupation had to be extended and [Event a peace treaty][Target deferred].
Change_event_time,"[Agent Skilled ringers]use their wrists to [Target advance]or retard [Event the next swing], so that one bell can swap places with another in the following change ."
Change_event_time,"The nuclear agency had hoped to monitor the larger centrifuge cascade with cameras , but [Agent Iranian officials]were `` not allowing the IAEA to install the cameras inside the cascade halls in Natanz and are causing further [Target delays][Event in the inspectors ' activity], '' a diplomat who closely monitors the agency said yesterday ."
Change_event_time,People catching buses were advised to expect long [Interval [Target] delays].
Change_event_time,In addition to the basic schedule of topics which was covered with everyone [Agent I]developed special questions and [Target rescheduled][Event parts of interviews][Purpose to fit the immediate circumstances of the person being interviewed].
Change_event_time,"There is , however , a possibility that [Event the peace concert , which was to have taken place this Saturday , May 29 , in the King 's Hall], may be [Target rescheduled][Destination_time for the autumn]."
Change_event_time,"If [Agent the school]refused to [Target reschedule][Event the trip], would this amount to unlawful indirect discrimination , or would the school 's decision have been ` justifiable '' ?"
Change_event_time,[Agent THE HOUSE OF LOVE]have [Target rescheduled][Event their one-off London date originally postponed from September]and plan to give away a limited-edition single featuring a previously unreleased ten-minute track at the show .
Change_event_time,` No sooner had everyone recovered from the trauma of having to [Target reschedule][Event the full-length play festival]than we heard about Portadown .
Change_event_time,"` There 's a lot of zander throughout the canal and I think we 'll be leaving it until next season before [Agent we][Target reschedule][Event the match], '' he said ."
Change_event_time,"` But it 's been a complicated situation ; [Agent we]'ve had to cancel or [Target reschedule][Event gigs with Cozy 's band][Explanation because of Brian 's thing], and there was a further complication &hellip;"
Change_event_time,"[Agent SHONEN KNIFE]have been forced to postpone their UK dates due to touring commitments in their native Japan , but have managed to [Target reschedule][Event one gig][Place at London 's Clapham Grand][Destination_time on September 3]."
Relative_time,"We have talked about [Target antecedent][Focal_occasion events , behaviour , and consequences]as applied to eating behaviour and dieting . "
Relative_time,"He tends to mention [Target antecedent][Focal_occasion events]after subsequent ones , and causes after effects . "
Relative_time,"In addition , it can be exercised where , during [Target antecedent][Focal_occasion negotiations], there were oral representations made irrespective of whether they were concluded on or off business premises ( s67 ) . "
Relative_time,"The second [Target antecedent][Focal_occasion event], quarrelling with another person , often follows closely on a feeling of disappointment and personal failure . "
Relative_time,"Only as attending proceeds , however , does it become possible to describe the immediately [Target antecedent][Focal_occasion experience]of a conscious episode . "
Relative_time,"However , Poulantzas would presumably argue that in any given case the course of events is determined by [Target antecedent][Focal_occasion factors]. "
Relative_time,"But we do not know how to account for these characteristics as the results of [Target antecedent][Focal_occasion social factors], and , indeed , have very little idea what circumstances , if any , produce military genius or obstinacy . "
Relative_time,"In its most basic sense , determinism is only committed to the view that behaviour is the outcome of [Target antecedent][Focal_occasion causes]. "
Relative_time,For one thing he certainly over-states it when he says that pleasure always comes from satisfaction of an [Target antecedent][Focal_occasion desire for something other than pleasure].
Relative_time,"The State recognises the Family as the natural primary and fundamental unit group of Society and as a moral institution possessing [Focal_occasion x, [Target antecedent]and superior [Landmark_occasion to all positive law]…"
Relative_time,"The whole doctrine is based on the recognition of the regularity and uniformity pervading the created universe , and on the assumption that man has [Focal_occasion an innate sense of beauty][Target antecedent][Landmark_occasion to custom or education]. "
Relative_time,"If ordinary children build their linguistic abilities on [Target antecedent][Focal_occasion social and cognitive abilities], these may , in fact , be necessary prerequisites for the emergence of language . "
Relative_time,"I edged around the puddles in the garden , where [Target belated][Focal_occasion rain]fell from the yew trees , and returned to my Bed and Breakfast house for a soothing sleep . "
Relative_time,Since employees often complain about receiving [Target belated][Focal_occasion information]particular management attention should be given to correct timing .
Relative_time,"After my [Target belated][Focal_occasion conversion from the outworn pieties of my youth]what I wanted from Karen was a crash course in greed , voracity , cheap thrills and superficial emotion . "
Relative_time,"However , on his [Target belated][Focal_occasion homecomings], he indirectly reassured her that the needed person did return m- the end . "
Relative_time,That [Target belated][Focal_occasion discovery]caused Sun to cancel the intended roll-out of the expected 514 ( UX No 432 ) .
Relative_time,"The reduction in the ARC 's subsidy is a [Target belated][Focal_occasion acknowledgement that agricultural research is overfunded]( see Nature 362 , 386 ; 1993 ) . "
Relative_time,The marquis made one [Target belated][Focal_occasion attempt to warn her].
Relative_time,"` Hence the ` [Target belated][Focal_occasion honeymoon]"" he talked about , "" said Julia . "
Relative_time,"The Revolution certainly marked a [Target belated][Focal_occasion victory for the policy of Exclusion], and finally established the legislative sovereignty of Parliament . "
Relative_time,The couple have spent the past six months buying furniture for their rooms within the Godfrey Ermen Home and are considering a [Target belated][Focal_occasion honeymoon].
Relative_time,Etosha has long been well regarded by her trainer and her [Target belated][Focal_occasion debut in the John Holdrish Maiden Fillies Stakes]was explained by a long-held aversion to starting stalls .
Relative_time,The breakthrough was inspired by [Target belated][Focal_occasion realisation on the part of Pretoria and the ANC that unless they made rapid progress]what is left of the South African economy would be wrecked .
Relative_time,"Dates and September and October had proved to be difficult and beyond that , it would be a very [Target belated][Focal_occasion welcome]. "
Relative_time,"Although [Target belated], [Focal_occasion the gesture]will win Mr Kaifu kudos in Washington , and guarantee a warm welcome for him at the London summit of rich countries ' leaders in July . "
Relative_time,"After such stumbles , Grumman is understandably thrilled by a [Target belated]and unambiguous [Focal_occasion triumph]: the success of JSTARS . "
Relative_time,"Perhaps , in retrospect , I was over-kind in interpreting the offensive ` Bengali In Platforms "" as a [Target belated][Focal_occasion working through of petty teenage bigotry]. "
Relative_time,"A letter to the Japanese ambassador in Washington , signed by all 100 members of the US Senate , had preceded what the US saw as Japan 's [Target belated][Focal_occasion Aug. 5 commitment on sanctions]. "
Relative_time,"We could not doubt that [Focal_occasion justice], if [Target belated], had come at last ."
Relative_time,[Focal_participant I]was [Interval two hours][Degree too][Target early][Landmark_occasion for dinner]and so spent the interval in a cloud of steam with my wet clothes draped around the fire .
Relative_time,"[Focal_participant I]was [Target early][Landmark_occasion for supper]that night and on edge until I heard , ` Nurse Dungarvan to Marcus Ward as special nurse for tonight . "" "
Relative_time,[Focal_participant Müller]was [Interval a little][Target early][Landmark_occasion for the rendezvous].
Relative_time,Eighteen months ago I took [Target early][Focal_occasion retirement].
Relative_time,Snow-making machines will be blowing out foam-based snow to try to create an [Target early][Focal_occasion Yuletide atmosphere]while trying to tempt shoppers into their stores .
Relative_time,"We know that [Degree very][Target early][Focal_occasion exposure to schooling]improves performance in the first grade , but afterward the difference is quickly washed away ."
Relative_time,The [Interval year]- [Target earlier]results have been restated to reflect an accounting change .
Relative_time,The relative numbers of Shehab-1 and Shehab-2 systems could change in favor of the Shehab-2 if Iran undertakes to upgrade the [Target earlier][Focal_participant systems]to Shehab-2 configuration .
Relative_time,This attack was in response to [Focal_occasion a major air attack on an oil refinery in Tehran][Interval two days][Target earlier].
Relative_time,"[Target Early][Focal_occasion progress]was not steady , and the nuclear program was stalled by the Islamic revolution in 1979 , then the eight - year war with Iraq through most of the 1980s ."
Relative_time,"The [Target earliest][Focal_participant name associated with the city], Ur usalim , perhaps meant `` city of Shalim '' or `` founded by Shalim . ''"
Relative_time,"[Focal_occasion The basic elements of life in the Aegean began to come together][Degree as][Target early][Degree as 5000 b.c.], and were already in place by the late Bronze Age ( c. 2700 b.c. ) ."
Relative_time,"You will find original examples in the archaeological museums throughout the Cyclades , although one of the [Target earliest][Focal_participant examples]is in the museum on Paros ."
Relative_time,And when would be the [Target earliest]that we would make the payment ?
Relative_time,[Target Early][Focal_occasion Habitation]
Relative_time,We had been begging the authorities since [Focal_occasion [Targe]t early][Landmark_occasion in the morning]to send forces [ ... ] It is too late now .
Relative_time,[Focal_occasion The decision][Target followed][Landmark_occasion the freeing of a man who killed his mother-in-law].
Relative_time,[Focal_occasion The deep recession][Focal_occasion that][Target followed]shows how painful true perestroika can be .
Relative_time,[Focal_occasion A very basic synopsis of the play][Target follows]in order to contextualise the analysis .
Relative_time,[Focal_occasion A whole series of measures][Target followed]promoting the position of radicals -- and the Communists -- at the expense of the moderates .
Relative_time,"He urged them to back the Brady plan , pointing to [Focal_occasion the socio-political unrest][Focal_occasion that]might [Target follow][Landmark_occasion the failure to provide economic support for strategically important developing countries]. "
Relative_time,"[Focal_occasion The appeal][Target followed][Landmark_occasion a meeting to discuss the case of 11-year-old Gemma left alone in a flat in Hammersmith , west London]. "
Relative_time,The Pact would provide for [Focal_occasion the withdrawal of Soviet forces][Target following][Landmark_occasion the formation of a coalition government in Kabul].
Relative_time,[Landmark_occasion This]was [Target followed]last week [Focal_occasion by a second letter giving more precise details of the make-up of the allocation].
Relative_time,[Focal_occasion The finding][Target follows][Landmark_occasion a study by Her Majesty 's Inspectorate of reading among children aged five to 14 made just before the introduction of the national curriculum last September].
Relative_time,"This was the beginning of a great revival ; [Focal_occasion it][Target followed][Landmark_occasion decades during which the legal position of jews had , on the whole , steadily improved]. "
Relative_time,[Landmark_occasion This controversy]was [Interval immediately][Target followed][Focal_occasion by another].
Relative_time,"[Landmark_occasion The hiss]was [Target followed][Focal_occasion by a roar]as a sudden burst of wind hit them , hurling Seawitch forward like a blow from a giant fist . "
Relative_time,[Focal_occasion The relative stability in the north][Focal_occasion that][Target followed][Landmark_occasion Barbarossa 's defeat]set the stage for the next step in the rise of the city states .
Relative_time,They started with a Blessing then [Landmark_occasion Tea][Target followed][Focal_occasion by the chairman 's remarks].
Relative_time,The panic of the night before was nothing compared to [Focal_occasion the tragic and bizarre pandemonium][Focal_occasion that]was to [Target follow]during the ensuing day .
Relative_time,TI 's Sparc marketing manager Phil Campbell said the first few lots of the reconstructed chip will be coming off the line in December with [Focal_occasion volumes][Target following]sometime during the first quarter .
Relative_time,[Focal_occasion Spikes of succulent red berries][Target follow]in the autumn .
Relative_time,"The Treasury now expects [Landmark_occasion a fall of 1% in non-oil GDP in 1992], [Target followed][Focal_occasion by growth of 1% in 1993]: the average GDP growth in 1993 forecast by independents is 1 1 / 2 % ."
Relative_time,"In [Focal_participant the torrent of replies][Focal_participant that][Target followed], one woman ringer from Solihull observed that `` the average male ringer leaves quite a lot to be desired : badly dressed , decorated with acne and a large beer-belly , frequently unwashed and unbearably flatulent in peals ."
Relative_time,"On 19 December 2003 , [Focal_occasion Libyan leader Col. Muammar Qadhafi publicly confirmed his commitment to disclose and dismantle WMD programs in his country][Target following][Landmark_occasion a nine-month period of negotiations with US and UK authorities]. "
Relative_time,"In [Focal_occasion the five years that][Target followed], Iran concluded several contracts for the construction of nuclear plants and the supply of nuclear fuel : with the United States in 1974 ; Germany in 1976 ; and France in 1977 ."
Relative_time,"Within four months of the end of the second War of the Cities , and [Target following][Landmark_occasion a continuing string of Iraqi victories ( most notably on the Fao Peninsula )], [Focal_occasion Iran sued for peace]."
Relative_time,[Landmark_occasion This]was [Target followed][Interval two days later][Focal_occasion by an early morning attack on the Iraqi capital of Baghdad].
Relative_time,"[Focal_occasion The NPT withdrawal][Interval swiftly][Target followed][Landmark_occasion a December 2002 announcement that North Korea was lifting the freeze on its nuclear program , in response to the U.S. decision to suspend heavy fuel oil ( HFO ) shipments under the Agreed Framework]."
Relative_time,[Focal_occasion Taiwan 's nuclear weapons program was established under the direction of the Institute of Nuclear Energy Research ( INER ) and the Chungshan Institute of Science and Technology][Target following][Landmark_occasion the People's Republic of China 's first nuclear test in October 1964].
Relative_time,"[Focal_occasion It][Target follows][Landmark_occasion growing concern among members of Britain 's intelligence and security hierarchy that if a CBRN attack took place in the City of London it would devastate Britain 's economy and severely damage the economies of Europe and America]. ( Telegraph .co.uk , 25Jun06 , Sean Rayment ) ( Link )"
Relative_time,"[Landmark_occasion He]was [Target followed][Interval in 336 b.c.][Focal_occasion by his son Alexander the Great], one of the most remarkable leaders in history ."
Relative_time,"[Focal_occasion The El Rancho Vegas ( 1941 ) was the first], [Target followed][Landmark_occasion by the Last Frontier]( 1943 ) ."
Relative_time,In extreme cases these rites take the form of [Landmark_occasion human sacrifices][Target followed][Focal_occasion by cannibalism .]
Relative_time,"Not all of the recipients of honours were backbenchers , and over the [Target following][Focal_occasion years]journalists , industrialists and bankers sympathetic to the cause were handed decorations of one kind or another . "
Relative_time,And in the [Target following][Focal_occasion production period]the maintenance of an increased volume of consumer goods will require the maintenance of an adequate level of v ; : but v is not surplus-value .
Relative_time,"I asked the couple , during the [Target following][Focal_occasion week], to write down separately what each would expect of marriage . "
Relative_time,"In 1923 , Labour won all four seats in West Ham , but lost Upton the [Target following][Focal_occasion year]as Labour members in outer London fell from fifteen to seven . "
Relative_time,"Brian had chosen Bath as a place to which he would take Celia the [Target following][Focal_occasion weekend], partly because it was not too far away and partly because he remembered how happy they had been there before . "
Relative_time,"On the [Target following][Focal_occasion day]doctors and medical personnel announced an indefinite strike , which was promptly declared illegal . "
Relative_time,One worker recalls the [Target following][Focal_occasion episode].
Relative_time,The [Target following][Focal_occasion February]the Church agreed and allocated £250 ; an organ was dedicated on 29 May 1895 .
Relative_time,"For a purely parochial event , it must have been quite an occasion because I believe that it ran from Wednesday , through to the [Target following][Focal_occasion Saturday]. "
Relative_time,This tactic was repeated on the [Target following][Focal_occasion Monday and Tuesday]and a delegation sent to meet the Mayor .
Relative_time,So we arranged to travel to Devonshire on the [Target following][Focal_occasion Saturday].
Relative_time,In 1873 Gladstone 's government passed the Judicature Act ( succeeded by further statutes over the [Target following][Focal_occasion two years]) .
Relative_time,Tonight and for the [Target following][Focal_occasion two nights]we are privileged to welcome a quintet of American musicians specially brought together for the Guinness Spot in association with Frank Tate .
Relative_time,"At St. Mary 's Church in Ilminster , Somerset , [Focal_occasion the bells have fallen silent][Target following][Landmark_occasion a dust-up over church attendance]."
Relative_time,"Skilled ringers use their wrists to advance or retard the next swing , so that one bell can swap places with another in the [Target following][Focal_occasion change]."
Relative_time,"Pyongyang then declared the [Target following][Focal_occasion month]that it was lifting the freeze on its nuclear program , ostensibly to generate electricity . "
Relative_time,"The [Target following][Focal_occasion year], Iran made a down payment for Project Flower by providing Israel with $280 million worth of oil ."
Relative_time,This situation remained essentially unchanged through the [Target following][Landmark_occasion year]when Iraq launched its invasion .
Relative_time,"[Target Following][Landmark_occasion this most recent flight - test], [Focal_occasion the Shehab-3 was placed in service and revolutionary guard units were officially armed with the missiles]."
Relative_time,"In 1987 , [Focal_occasion Libya 's military operation in Chad was near defeat][Target following][Landmark_occasion a series of dramatic reversals]."
Relative_time,"[Target Following][Landmark_occasion a July 1989 flight - test of what Pretoria described as a `` booster rocket '' in a space - launch program], [Focal_occasion U.S. intelligence noted striking similarities between this system and Israel 's intermediate - range Jericho - 2 ballistic missile]."
Relative_time,"[Target Following][Landmark_occasion the discovery of substantial reserves of uranium ore at Saghand , Yazd province ,][Focal_occasion Iran announced that it was developing a nuclear power plan that would rely solely on indigenous resources]."
Relative_time,"Second , there are reports that [Focal_occasion Kim Il Sung asked China to share its nuclear weapons technology][Target following][Landmark_occasion China 's first nuclear test in October 1964], but Chairman Mao refused ."
Relative_time,"However , [Target following][Landmark_occasion intense bilateral negotiations with the United States], [Focal_occasion North Korea announced it was `` suspending its withdrawal from the NPT '' one day before the withdrawal was to become effective]."
Relative_time,"Pilgrims came from all over the Roman ( and , later , Byzantine ) Empire during the [Target following][Focal_occasion centuries], but the prosperity they brought lasted only until 614 , when Persian armies overtook Judea and reduced Jerusalem to rubble again ."
Relative_time,"[Target Following][Landmark_occasion Alexander 's death], [Focal_occasion his lands were divided among his generals]."
Relative_time,"[Target Following][Landmark_occasion this debacle], [Focal_occasion the Ottomans then allied themselves to Germany in the World War I , losing more territory with the defeat of the Germans in that war]."
Relative_time,"[Target Following][Landmark_occasion its victory], [Focal_occasion Athens introduced the concept of a mutual protection alliance ( a kind of NATO of the ancient world )]."
Relative_time,"Our afternoon lessons began at a quarter-to-two , and if the express did not run on time , [Focal_participant I]ran the risk of being [Target late][Landmark_occasion for roll call]. "
Relative_time,"I suppose it 's [Degree too][Target late][Focal_occasion to alter that now]. "" "
Relative_time,"So , I made a promise to myself that [Focal_participant I]'d never be [Target late][Landmark_occasion with any deadlines]. "
Relative_time,And [Focal_participant Mr Gorbachev]was [Interval far too][Target late][Focal_occasion in proposing a new deal to the various republics].
Relative_time,"So [Focal_participant we]were [Target late][Focal_occasion in returning], and night fell when we were only half-way home . "
Relative_time,But [Focal_participant the results]are [Degree so][Target late][Focal_occasion in arriving][Degree that they will have only a limited influence on national policies for coronary prevention].
Relative_time,[Focal_participant I]'m [Target late][Focal_occasion with getting back home]as it is .
Relative_time,[Focal_occasion We]'re going to be [Target late].
Relative_time,[Focal_participant We]'re [Interval a couple months][Target late][Landmark_occasion buying credits for last year].
Relative_time,One reason [Focal_participant we]'re [Target late]( other than the obvious ) is the insane complexity in calculating it well .
Relative_time,"[Focal_participant fe004]arrived [Target late]( 15.5 minutes into the meeting ) , and did not read digits ."
Relative_time,They may not have read the digits due to the [Target late][Landmark_occasion start].
Relative_time,"[Focal_participant fe016 and mn017]arrived [Target late], left early , and did not read digits ."
Relative_time,"When [Focal_participant people]are [Target late], it makes it hard to keep things working in a rational fashion . ''"
Relative_time,payments are made to coincide with the due dates to take advantage of discount terms or avoid [Target late][Focal_occasion payment]penalties .
Relative_time,"Little is known of [Focal_occasion his life], early or [Target late], and his pictures ( 37 in the Wadsworth show , carefully culled from a total of perhaps 170 ) are the sole evidence of his preoccupations ."
Relative_time,So what if [Focal_participant Quindlen]'s [Interval about a week][Target late][Landmark_occasion to the story]?
Relative_time,"At the last , when the multitudes besieged the City , only then did I reveal my plot , and by then it was [Degree too][Target late], for the City was burning ."
Relative_time,"[Focal_participant Judge]is [Degree always][Target late], anyway ."
Relative_time,"…Sir , if she 's in any danger , it will probably be [Degree too][Target late][Focal_occasion to help her]by that time ."
Relative_time,"He jumped at my arm while I was still off-balance , and I felt the surge of adrenaline that comes right when your body realizes that it 's [Degree too][Target late][Focal_occasion to save itself]."
Relative_time,[Focal_participant They]were both [Target late][Landmark_occasion bloomers].
Relative_time,"When Upham finally does kill , it 's [Degree too][Target late][Focal_occasion to do any good], and in clear violation of the Geneva Conventions ."
Relative_time,"[Focal_participant It]came [Degree too][Target late], and he died ."
Relative_time,In addition peripheral fibers cease to function as a culture ages consequently a [Degree very][Target late][Focal_participant arising structure]that happens into an exclusion zone can develop there into a mature structure .
Relative_time,"I believe that what you are saying is that >no draft >was `` submitted , '' but rather `` made available for review , '' albeit with >[Degree rather][Target late]>[Focal_occasion instructions as to location and ownership]."
Relative_time,"It was my system which enabled me to find John Warner , [Target late][Focal_participant gardener]of High Gable , sacked in a moment of temper by his imperious employer ."
Relative_time,Either way [Focal_participant I]was [Interval long][Target overdue][Landmark_occasion to call on them].
Relative_time,"[Focal_participant She]is already [Interval six days][Target overdue][Landmark_occasion beyond the expected date of birth], which was 6 October 1992 , and she has now refused , on religious grounds , to submit herself to a Caesarean section operation . "
Relative_time,[Focal_participant The tax and social security systems]are [Interval long][Target overdue][Landmark_occasion for reform].
Relative_time,I suppose [Focal_participant I]was [Target overdue][Landmark_occasion for a move].
Relative_time,"[Focal_participant Kapellan]( 5.22 ) , [Target overdue][Landmark_occasion for a win], should be worth waiting for in the last race at Hove today . "
Relative_time,"[Focal_participant She]was [Target overdue][Landmark_occasion for some leave], and she could go to France and make some enquiries . "
Relative_time,Mikrodatorn kommer att skriva ut påminnelser för [Focal_participant alla föremål][Focal_participant som] är [Target förfallna] på ett visst datum och påminnelserna kan skickas till elever via mentor eller årskurslärare.
Relative_time,The microcomputer will print out reminders for [Focal_participant all items][Focal_participant which]are [Target overdue]on a particular date and the reminders can be sent to pupils via the form or year tutor .
Relative_time,"Earlier [Focal_participant two climbers], reported [Target overdue]on Ben Nevis , were found safe after losing their way and having to spend the night on a ledge at 4,000 ft . "
Relative_time,` [Focal_participant A ship]'s [Target overdue]with one of my men on board .
Relative_time,"[Focal_occasion A reassessment of the work of these artists]is [Interval long][Target overdue]among western art historians , and many will find these paintings a revelation and a delight . "
Relative_time,"Fulham were ordered to pay the [Target overdue][Focal_participant sum], amounting to £20 4s 5d , plus three guineas expenses , and Leeds were reprimanded for not taking money at the gates . "
Relative_time,"Vet prize money is a [Interval long][Target overdue][Focal_occasion development], likely to add a new measure of excitement to the sharp end of the field . "
Relative_time,The [Interval long][Target overdue][Focal_participant government guidelines on restraint in children 's homes]may have to be re-drafted .
Relative_time,` Nothing but [Target overdue][Focal_participant books]and kids fooling around .
Relative_time,There 's no doubt the timber framed house is making a [Interval long][Target overdue][Focal_occasion comeback].
Relative_time,"Perhaps fittingly , a member of the Joiner family is actively involved with the Trust , [Focal_occasion the formation][Focal_occasion of which]was [Interval long][Target overdue]. "
Relative_time,"[Focal_occasion A truce]is [Interval long][Target overdue]. "" "
Relative_time,[Focal_participant His examination results]were now [Target overdue].
Relative_time,"[Focal_occasion A smile]was [Target overdue], but showed no sign of coming . "
Relative_time,"[Focal_occasion A review of such a distortive system]is [Interval long][Target overdue]. "" "
Relative_time,[Focal_occasion A radical reform of HMI]is [Interval long][Target overdue].
Relative_time,Mart officials say [Focal_occasion the move]is [Interval long][Target overdue].
Relative_time,Linighan was through on his own to shoot past Flowers for a somewhat [Target overdue][Focal_occasion first goal of the season].
Relative_time,"Before setting off again yesterday , he said : ` [Focal_participant We]are [Interval nine days][Target overdue]but it 's not a big problem . "
Relative_time,"There is a feeling , especially among parliamentary critics of the Socialist government , that [Focal_participant the Prado]is being neglected , and is [Target overdue][Landmark_occasion a favour]. "
Relative_time,[Focal_participant He]was [Interval hours][Target overdue]and completely exhausted .
Relative_time,"[Focal_occasion A letter to the Japanese ambassador in Washington , signed by all 100 members of the US Senate ,]had [Target preceded][Landmark_occasion what the US saw as Japan 's belated Aug. 5 commitment on sanctions]. "
Relative_time,"We have no hard evidence of the origins of language in prehistoric communities , but it seems reasonable to assume that [Focal_occasion speech][Target preceded][Landmark_occasion writing]and dialogue preceded monologue . "
Relative_time,Over [Focal_occasion the many years][Target preceding][Landmark_occasion the period now being described]the ownership of properties and land in Combsburgh had changed hands many times .
Relative_time,"Wimlas Limited was formed in October , and now awaits [Focal_occasion an audit from the NACCB][Focal_occasion which]will [Target precede][Landmark_occasion a letter of authorisation to act as an assessor for European Technical Approvals]. "
Relative_time,"[Focal_occasion It][Target preceded][Landmark_occasion the building of the Crystal Palace for the Great Exhibition of 185 1], and served as an inspiration , if not a model , for it , but is actually superior to it in design . "
Relative_time,It includes people who were domiciled in the United Kingdom on or after 10 December 1974 and within [Focal_occasion the three years][Interval immediately][Target preceding][Landmark_occasion the relevant time].
Relative_time,A member who made less than 10 per cent of the average number of dealings in [Focal_occasion the year][Interval immediately][Target preceding][Landmark_occasion the general meeting]may not exercise his voting right .
Relative_time,"And so although his early contributors had come from [Focal_occasion the European tradition][Focal_occasion which][Target preceded][Landmark_occasion the Great War], by the early Thirties he had come to rely more and more upon British contributors . "
Relative_time,[Focal_occasion The plenum][Target preceded][Landmark_occasion the opening of a 60-day National Assembly session on March 20].
Relative_time,[Focal_occasion The government 's 1990 White Paper][Focal_occasion which][Target preceded][Landmark_occasion the Criminal Justice Act 1991]was equally all-embracing .
Relative_time,"Simeon 's revolt , like [Focal_occasion the one][Focal_occasion which][Target preceded][Landmark_occasion it][Interval sixty-six years before], was ruthlessly suppressed , but not before the Holy Land had once again been ravaged . "
Relative_time,Patients reported about three times as many undesirable events in [Focal_occasion the six months][Target preceding][Landmark_occasion their illness]as the comparison group over the same period .
Relative_time,"[Focal_occasion The heavy bombardment]had not [Target preceded][Landmark_occasion a major advance by the enemy], as many had feared . "
Relative_time,"Similarly , the fact that [Focal_occasion the increases in the money supply][Target precede][Landmark_occasion increases in money incomes]does not prove causality . "
Relative_time,[Focal_occasion George Holmes][Target preceded][Landmark_occasion Francis Danby]in the extraordinary sensitivity with which he and his more famous countrymen recorded the Bristolian landscape .
Relative_time,"In [Focal_occasion the centuries][Target preceding][Landmark_occasion the scientific renaissance in the West], Muslim scholars did far more than merely reproduce their heritage from the Greeks . "
Relative_time,"This rally , on March 18 , drew a predominantly Russian and Polish crowd of at least 30,000 , and [Focal_occasion a similar exercise][Target preceded][Landmark_occasion further anti-independence demonstrations on March 27 and April 4]. "
Relative_time,This established that [Focal_occasion a political settlement]had to [Target precede][Landmark_occasion agreements between the Soviet and DRA governments on the withdrawal of Soviet troops from Afghanistan].
Relative_time,"[Focal_occasion Her death], however , [Target preceded][Landmark_occasion the publication][Interval by almost eighteen months]. "
Relative_time,The French invasion plan of 1762 was very different from [Focal_occasion all those][Focal_occasion that]had [Target preceded][Landmark_occasion it].
Relative_time,"[Focal_occasion The diplomacy]which must have [Target preceded][Landmark_occasion this match], and Cnut 's desire for it , imply worries about Robert 's attitude which were to prove well founded . "
Relative_time,"None the less , such a mass of available material has made nonsense of the old dream that [Landmark_occasion historical judgment]might , in principle , be [Target preceded][Focal_occasion by a complete survey of every available piece of evidence]. "
Relative_time,"[Landmark_occasion The 6.45 screening]will be [Target preceded][Focal_occasion by a short film ` Writing in the Sands "" by Amber Film Productions]. "
Relative_time,[Landmark_occasion The firing]is both [Target preceded]and followed [Focal_occasion by blatant cronyism].
Relative_time,[Landmark_occasion The visit to France]had been [Target preceded]in January [Focal_occasion by a brief stopover in the United Kingdom en route to the UN Security Council summit].
Relative_time,"Translated into disciplinary terms , [Focal_occasion the study of international economic geography]should [Target precede][Landmark_occasion social geography and town planning]. "
Relative_time,[Focal_occasion The declaration of intent][Focal_occasion which][Target precedes][Landmark_occasion these vows]implies a similar level of commitment and flexibility .
Relative_time,"It involves [Landmark_occasion an arduous ten kilometre run][Target preceded][Focal_occasion by a long assault course], against the clock , finishing with a shoot on the firing range . "
Relative_time,Yet [Landmark_occasion the broader developments]were in some ways [Target preceded][Focal_occasion by an important new kind of cultural formation which has to be distinguished from national groups].
Relative_time,"According to what has been previously mentioned , than AL-QAEDA secures the pledge of its followers , which includes [Landmark_occasion commitment to its policies and objectives][Target preceded][Focal_occasion by the commander 's ( Amir ) pledge]."
Relative_time,There is a further important refinement to the [Target preceding][Focal_occasion discussion]that must now be addressed .
Relative_time,"To conclude , it would be useful to reconsider these categories in the light of the [Target preceding][Focal_occasion discussion]. "
Relative_time,"The [Target preceding][Focal_occasion discussion]applies not only to jurisdictional errors of law but to all heads of illegality which render a decision ultra vires , including breach of natural justice . "
Relative_time,"It may be useful at this stage to attempt a schematic synopsis of some of the points raised in the [Target preceding][Focal_occasion discussion], a map showing certain potentially fruitful sites of struggle . "
Relative_time,All of the [Target preceding][Focal_occasion discussion and recommendations]have implications not only for the content of Primary Language courses but also for their organisation .
Relative_time,Most of the [Target preceding][Focal_occasion discussion]deals with accommodation and adaptation at the phonological level .
Relative_time,"However , it will have become clear from the [Target preceding][Focal_occasion discussion]that purely convergent or transform movement is unlikely to occur except along short sections of a plate boundary . "
Relative_time,Christmas in the music business brings a retrospective look at the best and worst moments of the [Target preceding][Focal_occasion year].
Relative_time,"However , problems stemming from its lack of use in the [Target preceding][Focal_occasion year]became apparent later . "
Relative_time,But the world of chapter 26 is not only familiar to us from the [Target preceding][Focal_occasion chapters of Genesis].
Relative_time,"MARCH quarter results for the six gold mines in the Gold Fields of South Africa stable , are down marginally on the [Target preceding][Focal_occasion quarter]. "
Relative_time,The concept of a separation of science from religion during the seventeenth century implies that during [Target preceding][Focal_occasion centuries]there had been a fusion .
Relative_time,"The longer the [Target preceding][Focal_occasion REM sleep period]before the awakening , the larger the number of words the subjects tended to use . "
Relative_time,"Speaker J , in his [Target preceding][Focal_occasion contribution], has talked about the money received for his work at a particular point in the past . "
Relative_time,"When participant M speaks again near the end , she does not return to her ` holiday "" or ` Old Aberdeen "" , but makes her contribution relate closely to L's immediately [Target preceding][Focal_occasion remarks]. "
Relative_time,"The material in the [Target preceding][Focal_occasion section]will be seen by some as both uncontroversial and trivial , but it forms a basic backcloth for the argument being developed in this book . "
Relative_time,This explanation is consistent with the finding that monitoring latencies were considerably slower in the two conditions where [Target preceding][Focal_occasion words]were of considerably less help in predicting target words .
Relative_time,But this renewed social concern benefitted from the lessons of the [Target preceding][Focal_occasion decades]by being more realistic -- and so arguably achieving more .
Relative_time,"Cohesive markers are not always necessary , but where you find sentences without evident markers , it may be useful to inspect them closely to be certain that the relationship with the [Target preceding][Focal_occasion sentence]is sufficiently clear . "
Relative_time,"The [Target preceding][Focal_occasion chapter]concentrated on party divisions at the level of the elite , looking at the structure of Parliamentary politics under William and Anne and the nature of the ideological disputes between Whigs and Tories . "
Relative_time,"Arab rule , like that of the [Target preceding][Focal_occasion conquerors], meant involvement in the wider fortunes of empires and dynasties around the Mediterranean . "
Relative_time,But the Pisan ordeal had shocked Pound into recovering a compassion and tenderness which we look for mostly in vain in the Pound of [Focal_occasion the years][Target preceding].
Relative_time,"` Increases are based on retail price rises at the [Target preceding][Focal_occasion September], "" said Mr Brooke . "
Relative_time,"Only 343 cases were diagnosed and reported in 1991 ( provisional data ) in men aged 15 years or over , fewer than in any of the [Target preceding][Focal_occasion 10 years]. "
Relative_time,"In [Focal_occasion the days][Target preceding][Landmark_occasion the ceremony]Shinto and military targets had been bombed or attacked with homemade rockets , resulting in the death of a policeman on Nov. 2 . "
Relative_time,"In [Focal_occasion disturbances][Target preceding][Landmark_occasion the takeover], the former Prime Minister V. P. Singh had been briefly arrested near Ayodhya on Oct. 29 after protesting against moves to build a Hindu temple on the site . "
Relative_time,"Valentinian 's immediate successor , Petronius Maximus , was killed in [Focal_occasion the commotion][Target preceding][Landmark_occasion the Vandal sack of Rome in 455]. "
Relative_time,The pre-head is composed of all the unstressed syllables in [Focal_occasion a tone-unit][Target preceding][Landmark_occasion the first stressed syllable].
Relative_time,In the first place [Focal_occasion the setting up of machinery for examination and selection][Target predates][Landmark_occasion the creation of means to plan and develop curriculum].
Relative_time,"As at other sites , [Focal_occasion the trace metal contamination -- first lead , then zinc --][Target predated][Landmark_occasion the onset of acidification][Interval by a few decades]. "
Relative_time,[Focal_occasion Only the older dons][Target predated][Landmark_occasion Boris].
Relative_time,[Focal_occasion Nuclear nervousness][Target predates][Landmark_occasion Chernobyl]; but what happened there greatly strengthened it .
Relative_time,[Focal_occasion Many of the differences identified][Target predate][Landmark_occasion the emergence of any specific schizophrenic symptoms].
Relative_time,"The economy was in a less parlous state than it appeared and [Focal_occasion economic recovery]really [Target predated][Landmark_occasion the establishment of the Federal Republic], though it took some time for full employment to appear . "
Relative_time,"They stressed German title to the lands of Pomerania , Silesia and central Poland , saying that [Focal_occasion German settlement]had [Target predated][Landmark_occasion Slav settlement]. "
Relative_time,[Landmark_occasion This story]is [Target predated][Focal_occasion by a legend about a giant who kept pigs on Penhill before the founding of the abbey at Jervaulx in 1156].
Relative_time,"A single browser , the limpet Patinigera polaris , lived mainly below low-tide mark but emerged to scour the whole zone ; [Landmark_occasion those close to sea level]were [Target predated][Focal_occasion by dominican gulls Larus dominicanus]. "
Relative_time,"The first truly indigenous press was almost certainly that of Egypt , which began to appear during the nineteenth century ; but [Focal_occasion it][Target predated][Landmark_occasion black Africa 's press][Interval by only a few years]. "
Relative_time,[Focal_occasion The asylums]had of course [Interval long][Target predated][Landmark_occasion the bifurcation of health and welfare in the centralized system].
Relative_time,"Because [Focal_occasion these cycles][Target predate][Interval by centuries][Landmark_occasion the era of realism], Barth has managed to side-step the issue of narrative truth and retain some notion of the marvellous . "
Relative_time,"Mr Baker said it would be ` exceedingly difficult "" for Mr Gorbachev to revitalise the Soviet economy but it was [Target premature][Focal_occasion to predict failure]. "
Relative_time,It is also [Target premature][Focal_occasion to assume that the single European market means that rival continental financial centres will deliberately keep regulatory standards below London 's].
Relative_time,"The State Department is murmuring that it is ` [Target premature][Focal_occasion to speculate "" on the long-term implications of the coup]. "
Relative_time,"It may be [Target premature][Focal_occasion to assign the Newton St. Loe mosaic to such a school]: indeed , given the vagueries of stylistic relationships in this region it might be rash . "
Relative_time,He said it was [Target premature][Focal_occasion to make further comment].
Relative_time,"Of course , it is [Target premature][Focal_occasion to propose Mr Lang to the Pope for canonisation]. "
Relative_time,"However , [Focal_occasion the discontinuation of BCG vaccination for teenagers]is [Target premature]for a number of reasons . "
Relative_time,"` I think it is [Interval a little][Target premature]at this stage [Focal_occasion to be dreaming of a green Christmas], "" Mr Gould added . "
Relative_time,The Government have made it clear that [Focal_occasion a decision on the site]would be [Target premature]at this stage .
Relative_time,He said there was a great deal of consultation and investigation to be undertaken and [Focal_participant the bus managers]were being [Target premature][Focal_occasion in their reaction].
Relative_time,[Focal_participant Ocean-mining companies]would be [Target premature][Focal_occasion in thinking that this offers a solution to their problems].
Relative_time,But [Focal_participant the financial press]was [Target premature][Focal_occasion in reporting Cork Gully 's appointment as liquidator].
Relative_time,"Against this lobby was ranged another , dedicated to defending hard-pressed parents against [Target premature][Focal_occasion judgements about their competence and commitment], the largest organization of which was the Family Rights Group . "
Relative_time,The [Target premature][Focal_occasion closing of the museum]was strange .
Relative_time,"Some say cooking in aluminium foil presents a risk of the metal depositing in the food , not a pleasant prospect in view of the evidence of aluminium poisoning resulting in [Target premature][Focal_occasion senility or Alzheimer 's Disease]. "
Relative_time,"But even Med-type , non-sensitive skins need sun-protection against [Target premature][Focal_occasion ageing]. "
Relative_time,But the gain hardly offset the [Target premature][Focal_occasion revelation to the Germans of this promising new weapon].
Relative_time,"In a world ranking of [Target premature][Focal_occasion death before the age of 60], Northern Ireland and Scotland are near the top and England and Wales are about a third of the way down . "
Relative_time,The time has come to consider target reductions in [Target premature][Focal_occasion deaths from strokes and heart disease]; the great waster of life in a modern society .
Relative_time,"While the outbreak directed media attention to pollution in the North Sea , [Focal_occasion ascribing the guilt to pollution]was [Target premature]. "
Relative_time,"[Focal_occasion Such criticism]was [Target premature], as it is now clear that in many parts of the world long dead-straight trackways were laid out and , in several cases , are still used . "
Relative_time,[Focal_occasion The celebrations]are [Target premature].
Relative_time,"[Focal_occasion The demand]was [Target premature], because it was made and served before the expiration of a month from the 31 July bill . "
Relative_time,I consider [Focal_occasion the hon. Gentleman 's remarks][Degree a little][Target premature].
Relative_time,And just exactly [Interval how many weeks][Target premature]is [Focal_participant this baby]?
Relative_time,Mr Clarke told the FBU leaders that [Focal_occasion industrial action]was [Target premature]because firefighters were not due to settle their claim until November .
Relative_time,"The BBC would say only that [Focal_occasion the speculation]was ` [Target premature]"" . "
Relative_time,"` I had been to see him the [Target previous][Focal_occasion day], and arranged that he come and teach me Dutch . "
Relative_time,"Tamar found the side-saddle strange at first , but her [Target previous][Focal_occasion experience]stood her in good stead . "
Relative_time,In 1990 this involved scaling Mont Blanc with no [Target previous][Focal_occasion mountaineering experience].
Relative_time,Those with [Target previous][Focal_occasion piping or drumming experience]can join the OTC Pipes and Drums .
Relative_time,"According to the organisers no [Target previous][Focal_occasion dancing experience]is needed for the classes , which they say will also provide plenty of exercise and the opportunity to meet new friends . "
Relative_time,"Like [Target previous][Focal_occasion government action to boost the native film industry], Eady strengthened the ties between British and American production . "
Relative_time,"New Zealand 's [Target previous][Focal_occasion Labour government]found itself unable to complete the job of economic liberalisation , and its members bickered among themselves . "
Relative_time,"The five parties of the [Target previous][Focal_occasion coalition government], dissolved on March 29 [ see p. 38114 ] , appeared to have found common ground for continuing their coalition , in power since the 1987 elections . "
Relative_time,"Compared with the [Target previous][Focal_occasion week], there was a trebling in the rate of flu and a doubling of the rate of flu-like illness . "
Relative_time,"Associated Press reported on Nov. 29 that only 100 people had accepted the amnesty offer , while 150 more people had been arrested the [Target previous][Focal_occasion week], adding to thousands of FIS supporters detained without trial . "
Relative_time,"It was voluntary for others at that stage , though from last year those transferring to fellowship had to show their CPD record for the [Target previous][Focal_occasion three years]. "
Relative_time,"Waxing , a more traditional English technique employed by those unable or unwilling to undertake french polishing , ousted the latter by the 1920s , having run alongside it for the [Target previous][Focal_occasion forty years]. "
Relative_time,"Attendance was considerably higher than in [Target previous][Focal_occasion years], with over 1,000 visitors per day . "
Relative_time,"All things considered , he departed for Aix in that summer of 1924 in calmer mind than in either of the two [Target previous][Focal_occasion years]. "
Relative_time,Material needs to arrive by the 8th of [Focal_occasion the month][Target previous][Landmark_occasion to publication].
Relative_time,These rates were an average of their piecework earnings in [Focal_occasion the three weeks][Target previous][Landmark_occasion to the job change].
Relative_time,"[Target Previous][Landmark_occasion to my arrival in Sydney], [Focal_occasion I was at a stage of uncertainty as to what I did and did not believe]. "
Relative_time,For [Focal_occasion two years][Target previous][Landmark_occasion to the war]I had been painting ; before that I was a school master teaching drawing and painting .
Relative_time,Just [Target previous][Landmark_occasion to our visit to this latter small harbour][Focal_occasion a well known German smuggling vessel had been coopering off the coast and local boats had been landing cases of spirits].
Relative_time,"Of course , much survey and exploratory work on the North Sea Oil fields had been carried out in [Focal_occasion the years][Target previous][Landmark_occasion to our patrols]. "
Relative_time,"The abundant rains that came in [Focal_occasion the weeks][Target previous][Landmark_occasion to Gould 's arrival]had attracted birds in their thousands , some nf which had never been seen in the area before . "
Relative_time,Nor could she have said what made her so positive about this assumption that had become a fixture in her head -- unless it was the fact of Silas 's [Target previous][Focal_occasion near engagement to Doreen].
Relative_time,He admitted his [Target previous][Focal_occasion contacts with Communist and Marxist writers]but refused to say who else was present .
Relative_time,"The girls came into school discussing the merits of a programme they had seen the [Target previous][Focal_occasion evening], a ` religious "" programme , Meeting Point , which had been about pre-marital sex . "
Relative_time,It was the manuscript of Lord Byron 's poem which I had retrieved from the floor on the [Target previous][Focal_occasion evening].
Relative_time,[Target Previous][Focal_occasion studies]have tended to concentrate almost exclusively on scientists ' choices between different theories or explanations since such choices were regarded as the characteristic feature of science .
Relative_time,"[Target Previous][Focal_occasion discussions]had been inconclusive , and the initial response of the British cabinet in the autumn of 1950 was cool . "
Relative_time,Every horse owner seems to have their own theory or treatment which has worked on [Target previous][Focal_occasion injuries]and the veterinary profession can not agree on a common treatment .
Relative_time,"The racial card has been used to effect in [Target previous][Focal_occasion New York elections], but in Mr Giuliani 's case he is being criticised as an opportunist for his attacks on the city 's first black Democratic nominee . "
Relative_time,The [Target previous][Focal_occasion three landings attempted using the integral landing skid]resulted in three sets of broken rotors !
Relative_time,"Winner of his [Target previous][Focal_occasion six races], and fitted out in the Arkle colours of Anne Duchess of Westminster , he broke his elbow in a fall at the seventh fence and was destroyed . "
Relative_time,"In 2003 , Libya admitted its [Target previous][Focal_occasion intentions]to acquire equipment needed to produce biological weapons ( BW ) . "
Relative_time,"First , was the experience gained in missile operations during the [Target previous][Focal_occasion three years], especially by the Missile Unit of the IRGC Air Force ."
Relative_time,QN : Have there been [Target previous][Focal_occasion negotiations]between Israel and the Palestinian authority ?
Relative_time,"Due to challenges posed by a limited source of indigenously produced precursors for CW agents , it is believed that North Korea emphasizes production of phosgene , mustard , sarin , and V - agents. ( [Target Previous][Focal_occasion reports]have also alleged a large stock of sarin nerve agent. ) In 2001 , it was estimated that there are 12 facilities in the DPRK where raw chemicals , precursors , and CW agents are produced and / or stored ."
Relative_time,Bill_Frist : Not with the [Target previous][Focal_participant Democratic leader]or or the current Democratic leader have ever I been slapped in the face with such an affront to the leadership of this grand institution .
Relative_time,"Embalming would not have allowed for this and , [Focal_occasion had the person not been dead][Target prior][Landmark_occasion to the beginning of the operation], he certainly would be once it was all over . "
Relative_time,Care must be taken to ensure that [Focal_occasion the animals are dead][Target prior][Landmark_occasion to disposal]and it should be noted that mice 1 -- 8 days old take longer to die than adults .
Relative_time,Furthermore they include provisions for the assessment of [Target prior][Focal_occasion learning]and portability of credits that can be accumulated and eventually applied towards a formal qualification .
Relative_time,"The police had been excluded from [Target prior][Focal_occasion knowledge of the arrests], but quickly built up an accurate picture . "
Relative_time,All orders must be placed through the Departmental secretary with my [Target prior][Focal_occasion authority].
Relative_time,"Standard trade discount is 20% , except by [Target prior][Focal_occasion arrangement]. "
Relative_time,"Such may be the consequence of subletting council property without [Target prior][Focal_occasion approval]of the local authority , in order to live closer to college . "
Relative_time,"This gave them a new experience of evaporation , as well as time to draw on their [Target prior][Focal_occasion experiences]. "
Relative_time,"Admission even to the first initiation demanded [Target prior][Focal_occasion sanctification]and an exhausting day of pilgrimage , taken fasting , for fifteen miles along the Sacred Way from Athens , with many stops for worship at wayside shrines . "
Relative_time,"` It was as much hers as it was Terry 's , I suppose , but the Bank he heisted it from might think it had a [Target prior][Focal_occasion claim]. "
Relative_time,"The Court of Appeal held that the rule against [Target prior][Focal_occasion restraint]would still operate , given that this defence of justifying the "" common sting "" of the allegations might succeed at the trial . "
Relative_time,Lending to individual borrowers in excess of 10 per cent of a bank 's capital base has to be notified to the Bank ; all exposures in excess of 25 per cent require [Target prior][Focal_occasion notification].
Relative_time,"Existing qualifications will have to be recognised for the time being , probably for some years , and APL , or accreditation of [Target prior][Focal_occasion learning], is something the National Council for Vocational Qualifications is still exploring . "
Relative_time,In only one presidential election [Focal_occasion year][Target prior][Landmark_occasion to 1948]did more than 20 % of the nation 's congressional districts choose a different party 's candidate for the White House than for the House of Representatives .
Relative_time,The series of [Focal_occasion nuclear tests]in 1995 - 96 [Target prior][Landmark_occasion to China 's signature of the Comprehensive Test Ban Treaty ( CTBT )]may have resulted in a smaller and lighter warhead design for the new generation of intercontinental ballistic missiles ( ICBMs ) now under development .
Relative_time,Be [Target punctual][Landmark_occasion for meetings].
Relative_time,"In which case [Focal_participant she]might just as well be [Target punctual][Landmark_occasion for their mutually unwelcome assignation], rather than give him cause for further sarcasm at her expense ! "
Relative_time,The cities with their canals and [Target punctual][Focal_participant trams]are among the most pleasant and orderly in the world .
Relative_time,"His passion for , and expertise with oddballs has made his features very popular , and he is known as a thorough and [Target punctual][Focal_participant answerer of readers "" queries]. "
Relative_time,This will at least partially ensure a [Target punctual][Focal_occasion attendance]next time .
Relative_time,"The secretary of the college Georgina went to said she was a mature , [Target punctual][Focal_participant young girl]. "
Relative_time,"[Focal_participant Drew]became [Degree less][Target punctual], he muffed his lines , and was often replaced by an understudy . "
Relative_time,[Focal_participant You]are wonderfully [Target punctual].
Relative_time,[Focal_participant Renwick]was always [Target punctual].
Relative_time,` Thanks for being [Degree so][Target punctual].
Relative_time,"[Focal_occasion Service to your customers]should be reliable , attractive and [Target punctual], at acceptable fares and charges ; and the cost to the taxpayer should be reduced "" ( reprinted in MMC 1987 : 257 ) . "
Relative_time,"` Of all the people who have ever worked in the centre , [Focal_participant she]is most [Target punctual]and very reliable . "
Relative_time,He ensures that [Focal_occasion deliveries]are [Target punctual]and accounts paid on time .
Relative_time,Ancient and well-established episcopal churches tended to stabilize [Target subsequent][Focal_occasion urban development].
Relative_time,Chapman 's influence on the [Target subsequent][Focal_occasion development of football]is all-pervading .
Relative_time,[Target Subsequent][Focal_occasion economic development in these newly independent nations]was assisted by the overall growth of world trade and investment .
Relative_time,"For example , the battle over Duich Moss on Islay was not really about conservation versus jobs -- as [Target subsequent][Focal_occasion events]have proved -- but about saving embarrassment in high places . "
Relative_time,"From [Target subsequent][Focal_occasion events], it would appear that Mr. Marriott was given an appointment in electrical engineering . "
Relative_time,[Target Subsequent][Focal_occasion events]bore out my impression .
Relative_time,A question remains about the impact of this forceful intervention on the family and the caregivers and its significance for the [Target subsequent][Focal_occasion course of events in Michael 's life].
Relative_time,[Target Subsequent][Focal_occasion years of Tory rule]reduced the Labour establishment to frustration .
Relative_time,"Many of the nationalists abandoned the hopes of a popular movement , and in [Target subsequent][Focal_occasion years]came to rely upon forces other than popular struggle : Bismarck and the rulers of Prussia , and the House of Savoy . "
Relative_time,"[Target Subsequent][Focal_occasion years of the course]include historical and theoretical perspectives , comparative study of the main themes in international relations , in community conflict and in industrial conflict , and some particular case studies . "
Relative_time,"Kidder , Peabody recorded 125 acquisitions of small private garbage firms in America in 1985 , twice as many in [Target subsequent][Focal_occasion years]. "
Relative_time,The cDNAs which encoded octamer DNA binding proteins were identified by in vitro transcription of the cDNA inserts and [Target subsequent][Focal_occasion in vitro translation followed by EMSA as described in [ 17 ]].
Relative_time,"The Scottish Law Commission , for instance , criticised the previous test as being "" a judicial dispensing power exercised possibly in the light of [Focal_occasion unforeseeable events][Target subsequent]in date [Landmark_occasion to the contract]"" . "
Relative_time,"` The Character of Completeness , and your [Target subsequent][Focal_occasion book]with us , have both been bought by a firm in the States which sells textbooks to Harvard University . "
Relative_time,He devotes more space to a [Target subsequent][Focal_occasion altercation between Brown and an Israeli journalist].
Relative_time,"In a [Target subsequent][Focal_occasion discussion on 23 March], MacArthur advocated an early peace conference despite the problems that would arise from Soviet obstruction . "
Relative_time,This enabled the preservation of live programmes for [Target subsequent][Focal_occasion retransmission or sale to other countries].
Relative_time,The ones that are declared as inputting variables are used only for input and [Target subsequent][Focal_occasion use in expressions].
Relative_time,[Target Subsequent][Focal_occasion works designed by him]include the north range at Clare ( 1682-6 ) and probably the rebuilding of St Catharine 's College ( 1674-1704 ) .
Relative_time,In [Target subsequent][Focal_occasion fighting between Yugoslav federal troops and Slovenian soldiers]Defence Minister Fasslabend alleged repeated violations of Austrian airspace by Yugoslav federal military aircraft .
Relative_time,Over 30 Palestinians were wounded in [Target subsequent][Focal_occasion unrest].
Relative_time,"Thought has to be given to future integration at the initial design stage , otherwise [Target subsequent][Focal_occasion integration]will be very difficult and expensive . "
Relative_time,This was the decisive factor in determining Kenya 's [Target subsequent][Focal_occasion political and economic direction].
Relative_time,On several [Target subsequent][Focal_occasion Manhattan visits]I met Tom again and between visits we exchanged letters and limericks .
Relative_time,"[Target Subsequent]or alternative [Focal_occasion drinks]had to be paid for at saloon-bar prices , so Clive managed to turn a profit on the evening . "
Relative_time,"[Target Subsequent][Focal_occasion economic and political changes]such as the emergence of Pacific Basin industrial economies and especially developments in the USSR since 1985 , raise questions about the continuing validity of older explanatory typologies . "
Relative_time,They tested their model by observing the difference between the theoretical and market values of a firm 's P/E ratio and the share price progress in the [Target subsequent][Focal_occasion three months].
Relative_time,The group will meet on every [Target subsequent][Focal_occasion Friday].
Relative_time,[Target Subsequent][Focal_occasion IAEA inspections in Iran]revealed a wealth of new information related to the development and scale of Iran 's nuclear program .
Relative_time,"However , intense U.S. pressure for Iran to prove it had no secret atomic weapons program culminated in a toughly worded UN resolution in September 2003 , prompting a walkout and [Target subsequent][Focal_occasion freeze on nuclear inspections by Iran]."
Relative_time,"According to a [Target subsequent][Focal_participant report], an agreement was reached on restarting construction in 1987 , but was cancelled after the bombing ( 3029 ) ."
Relative_time,"Politically , the 1990s have been relatively quite times for the islands , although the divorce of Greek prime minister Andreas Papandreou and his [Target subsequent][Focal_occasion marriage to a much younger woman]caused consternation within conservative Greek society ."
Relative_time,"Theses identified in the Laming list ( Appendix 4 ) appear to show that [Focal_participant Leeds , Cambridge and St. Andrews Universities]were [Target tardy]in this respect . "
Relative_time,They have vigorously contested in court the Metropolitan 's assertion that [Focal_participant the Turkish government]was [Target tardy][Focal_occasion in pursuing its claim].
Relative_time,Quaker creditors showed great tolerance to [Focal_participant those][Focal_participant who]were [Target tardy][Focal_occasion in paying their bills].
Relative_time,[Focal_participant Yorkshire]may have been [Degree slightly][Target tardy][Focal_occasion in not monitoring his schoolboy progress].
Relative_time,"Peter Brock and Andy Rouse fought back to fourth place , following an incorrect tyre choice and [Target tardy][Focal_occasion pit stops]early on in the race . "
Relative_time,"Debenham & Freebody 's of Wigmore Street did so in 1920 , but not for [Target tardy][Focal_occasion payment of a long outstanding account]but for an order which the customer denied had ever been given . "
Relative_time,"Its policies , domestic and foreign -- not least its [Target tardy][Focal_occasion entry into the European Community in January 1973]-- have been largely a belated reaction to the original achievements of others . "
Relative_time,"The ECSC and EDC , it was believed , would finally consign the shibboleths of nationalism to a [Target tardy][Focal_occasion grave]. "
Relative_time,The extension of northern French influences from the Languedoc as a result of the Albigensian crusades may have contributed to this [Target tardy][Focal_occasion development].
Relative_time,Do please forgive this [Degree very][Target tardy][Focal_occasion reply].
Relative_time,"It was some moments before it occurred to any of them that it might well be Chris or the [Target tardy][Focal_participant boy from the bistro], harmlessly appealing for admission to his promised evening of jollity and sustenance . "
Relative_time,"It 's an excrescence , a monstrosity , some [Target tardy][Focal_occasion addition to the agenda]. "
Relative_time,"` Monsieur Dacourt , "" Francis announced in perfect English , ` I apologise for the [Target tardy][Focal_occasion arrival]and abrupt interruption of your eloquent speech by Akim and his cats . "
Relative_time,The production of up-to-date Class Lists has been delayed due to the [Target tardy][Focal_occasion response of teachers to requests for current details].
Relative_time,"The moves to help smaller firms were a ` somewhat [Target tardy][Focal_occasion recognition of the contribution small business makes]"" , Richard Brown , director of policy , claimed . "
Relative_time,So much has been written in recent years about Ralph Sarich 's Orbital two-stroke engine that [Focal_occasion our award for technical innovation]might appear [Degree somewhat][Target tardy].
Relative_time,"` [Focal_participant You]are [Target tardy], madam . "
Relative_time,Idealists could claim that [Focal_participant British policy]had been [Target tardy]and hesitant .
Relative_time,[Focal_occasion Their extensive military campaigns were][Target later][Focal_occasion chronicled by Homer in his epic poems The Odyssey and The Iliad].
Relative_time,"[Target Later], in 454 b.c. , [Focal_occasion the treasury was transferred to Athens and its deposits were used to finance the construction of many of the major buildings and temples of the Classical Age]."
Relative_time,He said that Oliver North of Iran-Contra notoriety thought he had erased his computer but that [Focal_occasion the information was][Target later][Focal_occasion retrieved for congressional committees to read].
Relative_time,"[Interval An instant][Target later][Focal_occasion a white-faced , hardbreathing policeman had opened the door , the candle wavering in his trembling hand]."
Relative_time,"Pickett , [Focal_occasion who was shot in the knee by the Secret Service][Target after][Landmark_occasion allegedly firing two shots outside the White House], used crutches to walk into the court ."
Relative_time,[Focal_occasion The president left][Target after][Landmark_occasion the diplomat arrived].
Relative_time,"More recently , [Focal_occasion South Africa began working more closely with the IAEA in 2004 , in order to monitor international smuggling of nuclear weapons materials], [Target after][Landmark_occasion investigations of a South African businessman exposed connections to the A.Q. Khan network]."
Relative_time,"[Focal_occasion Symptoms of illness do not appear]immediately but only [Target after][Landmark_occasion a delay , or `` incubation period , '' that may last for days to weeks]."
Relative_time,"`` The General Assembly should set aside money for a new state health lab , millions of doses of antiviral drugs and a fund to [Focal_occasion help meet basic needs][Target after][Landmark_occasion a disaster], a legislative panel recommended Thursday ."
Relative_time,"[Focal_occasion The General Assembly has worked to improve its response to potential terrorist attacks][Target after][Landmark_occasion the Sept. 11, 2001 , attacks and the ensuing anthrax scares]."
Relative_time,"[Focal_occasion Part of the answer], Chafee said , [Focal_occasion might be giving more flexibility with the money , rather than more funds , Chafee suggested][Target after][Landmark_occasion the hearing]."
Relative_time,"`` [Focal_occasion Four Aberdeen Proving Ground employees were taken to a local hospital yesterday][Target after][Landmark_occasion a report of a chemical leak , the third incident in about a week during which workers were at risk of exposure to lethal substances at the Army base in Harford County]."
Relative_time,"[Focal_occasion Part of the answer], Chafee said , [Focal_occasion might be giving more flexibility with the money , rather than more funds , Chafee suggested][Target after][Landmark_occasion the hearing]."
Relative_time,"[Target After][Landmark_occasion they lost Jerusalem], [Focal_occasion a Mongol invasion swept through], and in 1244 the Mameluke dynasty of Egypt took control , ruling Jerusalem for the next 250 years ."
Relative_time,"[Target After][Landmark_occasion Jesus 's crucifixion], [Focal_occasion harsh Roman rule continued until a.d. 66 , when the Jews rebelled]."
Relative_time,"Jesus 's entry into the Temple caused a commotion ; [Target after][Landmark_occasion the Passover dinner][Focal_occasion he was arrested by the temple priests , who were under direct Roman rule]."
Relative_time,"[Focal_occasion The plant 's construction was halted in 1987], [Target after][Landmark_occasion the Soviet Union became involved in Chemical Weapons Convention ( CWC ) -related negotiations], so it never produced any CW agents ."
Relative_time,"Farther south in Crete , [Focal_occasion the Minoan culture developed][Target after][Landmark_occasion 2000 b.c.][Focal_occasion into the most significant of its age], spreading its influence throughout the region by trade and diplomacy ."
Relative_time,"AMMAN , Jordan ( AP ) U.S. Representative Tony Hall arrived in Jordan on Saturday en route to Iraq , where [Focal_occasion he is expected to look into the plight of Iraqis][Target after][Landmark_occasion nearly 10 years of U.N. trade sanctions]."
Relative_time,"In animal efficacy studies , [Focal_occasion Anthim]demonstrated complete protection against an anthrax spore challenge with a single prophylactic dose and has [Focal_occasion shown significant protection when administered][Interval up to two days][Target after][Landmark_occasion a lethal challenge.]( Pharmabiz.com , 26Jun06 ) ( Link )"
Relative_time,"Moreover , he said , technology now exists for [Focal_occasion stealing corporate secrets][Target after][Landmark_occasion they 've been `` erased '' from a computer 's memory]."
Relative_time,"Also , the duty of area patrols is to discover new paths and shelters in the area in order [Focal_occasion to hide fighters][Target after][Landmark_occasion a Jihad operation against the enemy]."
Relative_time,"Immediately [Target after][Landmark_occasion the interview], [Focal_occasion he was apprehended again by the Jordanian authority]. ]"
Relative_time,"[Target After][Landmark_occasion the cleaning in AlbuFahd], [Focal_occasion the brothers killed three of the spies in his tribe], and for the first time there was no reaction against the brothers , but instead he came to them , asking for forgiveness , and he 's ready to cooperate ."
Relative_time,"[Target After][Landmark_occasion that][Focal_occasion he announced his repentance at the mosque twice in front of Albu'Ubaid tribe], denouncing who joins the police and army , and sorry for all he 's done , without any pressure or threats from the brothers ."
Relative_time,"During World War II , the church was turned into a club for Japanese officers ; [Focal_occasion it was restored][Target after][Landmark_occasion the war]."
Relative_time,Cornell found a number of employment options that [Focal_occasion he never dreamed existed][Target after][Landmark_occasion a work - site injury forced him out of his job at a foundry].
Relative_time,"[Target After][Landmark_occasion Maureen 's job coach taught her how to do her job in a restaurant], [Focal_occasion we helped Maureen step out of the shadow sometimes cast over people with physical and mental disabilities and find a fulfilling job smack dab in the middle of society]."
Relative_time,"Older kids , like [Focal_occasion Tracy and Kerry , left homeless][Target after][Landmark_occasion a recent murder - suicide in Indianapolis claimed Mom and Dad]."
Relative_time,Canada 's merchandise exports and imports posted increases in February as [Focal_occasion automobile assembly lines stepped up production][Target after][Landmark_occasion shutdowns in January].
Relative_time,"[Target After][Landmark_occasion dinner], a glass of Madeira or port is recommended to round off the meal ."
Relative_time,[Focal_occasion I learned][Target after][Landmark_occasion I got married]
Relative_time,"At least 3 cats are unaccounted for , but [Target after][Landmark_occasion a search of the house], [Focal_occasion the cats were not believed to have been inside at the time the fire started]."
Relative_time,"South Africa acceded to the Treaty on the Non - Proliferation of Nuclear Weapons ( NPT ) as a non - nuclear weapon state in 1991 , and [Focal_occasion International Atomic Energy Agency ( IAEA ) inspectors][Target subsequently][Focal_occasion verified the completeness of its nuclear dismantlement]."
Relative_time,"[Focal_participant Jerusalem][Focal_occasion submitted peaceably]to the rule of the Greeks in 332 b.c. under Alexander the Great and , [Target subsequently], [Focal_occasion to his Hellenistic successors as well as the Egyptian Ptolomeys and the Syrian Seleucids]."
Relative_time,"Construction on Hoover Dam ( originally Boulder Dam , [Target subsequently][Focal_occasion renamed for the president who authorized the project]) began in 1931 in a canyon 45 miles ( 72 km ) southeast of Las Vegas ."
Relative_time,-- [Focal_occasion Students should move up the educational ladder][Target as][Landmark_occasion their academic potential allows].
Relative_time,"[Focal_occasion Iran has begun preliminary work to install thousands of centrifuges at its uranium enrichment facility][Target as][Landmark_occasion a dispute roiled over whether the International Atomic Energy Agency was receiving the access it wants to monitor the site], wire services reported today ( see GSN , Feb. 1 ) ."
Relative_time,What accounts for the results of [Target recent][Focal_occasion decades]?
Relative_time,"Thus at the [Target recent][Focal_occasion governors ' conference on education], Gov. Bill Clinton of Arkansas announced that `` this country needs a comprehensive child-development policy for children under five ."
Relative_time,The one exception to this [Target recent][Focal_participant trend]was the defeat of 13 of the 52 freshman Republicans brought into office in 1980 by the Reagan revolution and running for re-election in 1982 .
Relative_time,The SRI has allegedly taken in Iraqi scientists prior to the [Target recent][Focal_occasion Gulf War].
Relative_time,"[Target Recent][Focal_occasion business projections]for Las Vegas predict challenges ; tourism revenues must increase substantially to sustain what is already built , while actual figures show visitation as steady or declining ."
Relative_time,In a [Target recent][Focal_occasion interview]with Al-Jazeera he spoke against the Arab regimes .
Relative_time,"Macau 's population is estimated at around 450,000 , an appallingly high figure for such a small area ; [Target recent][Focal_participant land reclamation]has eased the situation to some extent ."
Relative_time,She bore upon her aquiline and emaciated face the traces of some [Target recent][Focal_occasion tragedy].
Relative_time,"[Target Last][Focal_occasion year]catastrophe losses totaled $ 5 million , when net was $ 235.5 million , or $ 2.07 a share ."
Relative_time,"In the latest quarter , Aetna had a $ 23 million loss on its auto / homeowners line , compared with earnings of $ 33 million [Target last][Focal_occasion year]."
Relative_time,"In the nine months , net rose 4.3 % to $ 525.8 million or $ 4.67 a share , from $ 504.2 million , or $ 4.41 a share , [Target last][Focal_occasion year]."
Relative_time,"Two smaller `` cascades '' of centrifuges have been operating in above-ground buildings at the site since [Target last][Focal_occasion year], and a smaller set of machinery has been tested underground since November without using any uranium gas , according to AP ( George Jahn , Associated Press / Houston Chronicle , Feb. 2 ) ."
Relative_time,"The chairman of the Department of Medicine at Sydney Hospital , John Graham , told a biosecurity workshop [Target last][Focal_occasion week]that he had appealed to the Federal Government to remove the hospital from state control and declare it a ' national security hospital ' ."
Relative_time,"The device , called a Mubtakker -- Arabic for `` invention '' -- has been at the center of a media firestorm since it was written about in an excerpt from a book extract published by Time magazine [Target last][Focal_occasion week]."
Relative_time,The convention was adopted by the UN General Assembly in April [Target last][Focal_occasion year]on Russia 's initiative .
Relative_time,"In the 1960s , Ferndale resident Jack Alderson commanded a group of light tugs that made trips to the islands that [Target last][Focal_occasion week]were declared a monument , as well as other remote atolls in the region ."
Relative_time,"The [Target last][Focal_participant visitor]was then- U.S. Rep . Bill Richardson of New Mexico , who went to help a pair of U.S. oilmen in diplomatic trouble ."
Relative_time,"They bombed the Bogota offices [Target last][Focal_occasion month], destroying its computer and causing $2.5 million in damage ."
Relative_time,"I just saw on the news [Target last][Focal_occasion night]that they said the average time a sentenced murderer , you know , is in jail is two years before he 's paroled and a rapists is like six months and a burglar is like two months ."
Relative_time,"[Landmark_occasion [Targ]et Last][Focal_occasion year], Goodwill helped 3,300 people find jobs that increased their self - sufficiency ."
Relative_time,Remember what she said in my [Target last][Focal_participant letter]?
Relative_time,"[Target Last][Focal_occasion year], Goodwill placed 511 people in jobs , more than double the number we placed in 1993 ."
Relative_time," They 've worked extremely hard now for six days but probably [Focal_occasion their most herculean effort]was [Target last][Landmark_occasion night], '' My Koperberg said ."
Relative_time,"According to witness reports , the home owners had a new water heater installed just [Target last][Focal_occasion week], but it is not known if the fire was caused by the heater ."
Relative_time,"Tuesday 's rout of a GOP congressional hopeful in a Mississippi district that has n't backed a Democratic presidential candidate since Adlai Stevenson is another reminder that , at least at the federal level , political `` ticket splitting '' has been on the rise over the [Target past][Focal_occasion half century]."
Relative_time,"In every presidential election over the [Target past][Focal_occasion half century], except for the Goldwater presidential candidacy , the GOP has captured a greater percentage of the major-party popular vote for president than it has of congressional seats or the popular vote for Congress ."
Relative_time,There is neither mystery nor paradox in the fact that as educational expenditures ( in real terms ) have increased sharply in the [Landmark_occasion [Targ]et past][Focal_occasion quarter-of-a-century]-- we now spend more per pupil than any other country in the world -- educational performance has declined .
Relative_time,"First , why ticket splitting has increased and taken the peculiar pattern that it has over the [Target past][Focal_occasion half century]: Prior to the election of Franklin Roosevelt as president and the advent of the New Deal , government occupied a much smaller role in society and the prisoner 's dilemma problem confronting voters in races for Congress was considerably less severe ."
Relative_time,"`` The installation of monitoring systems and surveillance is taking place correctly and in the [Target past][Focal_occasion days], the monitoring system has been strengthened , and there is no problem regarding this issue between Iran and the agency , '' the official added ( Reuters / New York Times , Feb. 2 ) ."
Relative_time,"While China has publicly declared to be consistently in compliance with the BTWC , [Target past][Focal_participant U.S. government reports]have alleged that China not only has a small - scale offensive biological weapons program , but has also transferred controlled biological weapons - related items to nations of proliferation concern such as Iran ."
Relative_time,Paula_Zahn : Where bird flu has in the [Target past][Focal_occasion two years]killed at least sixty-two people .
Relative_time,"Over the [Target past][Focal_occasion six months], six journalists have been killed and 10 kidnapped by drug traffickers or leftist guerrillas -- who often are one and the same -- in Colombia ."
Relative_time,"Over the [Target past][Focal_occasion 12 years], at least 40 journalists have died there ."
Relative_time,"New construction in the [Target past][Focal_occasion 10 years]has changed the city 's skyline ; with new , glittering hotels and highrise apartment blocks , the city is beginning to look a little more like Hong Kong ."
Relative_time,"The Iraqi government has agreed to let U.S. Rep . Tony Hall visit the country [Target next][Focal_occasion week]to assess a humanitarian crisis that has festered since the Gulf War of 1990 , Hall 's office said Monday ."
Relative_time,"One expert , whose job is so politically sensitive that he spoke on condition that he would n't be named or quoted , said the expected influx of East European refugees over the [Target next][Focal_occasion few years]will greatly increase the chances of computer-maintenance workers , for example , doubling as foreign spies ."
Relative_time,"The [Target next][Focal_occasion morning]his households and neighbors started talking to the tribe saying it was the national guards , they added that they heard some of them speaking English , meaning that the Americans are the ones who took Abu Dhari ( Sheik Nasr al-Fahdawi ) ."
Relative_time,Exactly because it 's not [Target next][Focal_occasion day]they have the start the trial which is X number of months and just prolongs the situation that much more .
Relative_time,""" Well , what is the [Target next][Focal_occasion step]? """
Relative_time,"With temperatures in the high 30 degree Celsius range and winds around 50 km/h ( 31 Mph ) , fire fighters are bracing for the worst in the Blue Mountains over the [Target next][Landmark_occasion few days]."
Relative_time,""" The [Target next][Focal_occasion step]is the note received by Garcia at the dinner ."
Relative_time,"In the [Target latest][Landmark_occasion quarter], [Focal_occasion Aetna had a $ 23 million loss on its auto / homeowners line], compared with earnings of $ 33 million last year ."
Relative_time,"Additionally , I am sending traditional background materials on the Museum and the two [Target latest][Focal_participant issues of our Previews Magazine]detailing upcoming events , exhibitions , and educational programs ."
Relative_time,The [Target latest][Focal_participant approach]is perhaps the best of the post-mob era : the comprehensive resort .
Relative_time,"There 's nothing they like better than having a good chat about the [Target latest][Focal_participant bit of gossip]: who is doing what , where , and why ."
Relative_time,Then we went out for a [Target late][Focal_occasion swim].
Relative_time,"But [Landmark_occasion he]was as cunning as he was cruel , and at the first whisper of [Target coming][Focal_occasion trouble]he had secretly conveyed his treasures aboard a ship which was manned by devoted adherents ."
Relative_time,"[Focal_occasion Day][Target succeeded][Landmark_occasion day], and my friend took no step forward ."
Taking_time,"In serious cases results can be produced more quickly , but in the case of organic pollutions [Activity the analysis itself][Target takes][Time_length five days]."
Taking_time,[Activity The whole action]must [Target take][Time_length no more than five seconds].
Taking_time,That 's usually [Time_length how long]it [Target takes][Activity for the temblors to pass].
Taking_time,It 's hard to accept that [Activity it]'s over and only [Target took][Time_length 15 seconds].
Taking_time,"[Activity A series of 5,000 or so changes]is a `` peal '' and [Target takes][Time_length about three hours]."
Taking_time,"[Activity The facility , which was designed to destroy 350 tons of nerve agent yearly utilizing hydrolysis followed by incineration], cost 50 million rubles and [Target took][Time_length more than three years][Activity to build]."
Taking_time,It does n't [Target take][Time_length long][Activity to create the calc sheets].
Taking_time,It [Target takes][Time_length a long time][Agent for him][Activity to gain the self - confidence to work elsewhere in the community].
Taking_time,"Shenzhen is easy to reach - the KCR commuter train runs throughout the day , [Activity the trip][Target taking]about [Time_length 40 minutes]."
Taking_time,Turbo Cat ferries leave the China Hong Kong City ( CHKC ) terminal twice a day ; [Activity the journey][Target takes][Time_length two hours].
Taking_time,"Citibus also travels to Guangzhou from CHKC ; there are [Activity five round-trips a day], [Target taking][Time_length 3 1/2 hours]."
Taking_time,"To get here , follow the path from the southwest end of Discovery Bay ; [Activity the walk][Target takes][Time_length about 30 minutes]."
Taking_time,[Activity The 40 - mile trip][Target takes][Time_length about an hour].
Taking_time,It did n't [Target take][Time_length long][Activity for the city to establish itself as a wild- West town with an `` anything goes '' attitude].
Taking_time,It could [Target take][Time_length at least five days][Activity before the fire can be brought under full control].
Taking_time,Authorities say [Activity the investigation into how it started]may [Target take][Time_length up to three days][Activity to finish].
Taking_time,It could [Target take][Time_length several weeks][Activity before the fire is completely extinguished].
Taking_time,There is neither mystery nor paradox in the fact that as [Activity educational expenditures ( in real terms ) have increased sharply][Target in][Time_length the past quarter-of-a-century]-- we now spend more per pupil than any other country in the world -- educational performance has declined .
Taking_time,[Target In][Time_length that time]more than 1.2 million jobs have been created and the official jobless rate has been pushed below 17 % from 21 % .
Taking_time,"[Target In][Time_length the short while since Goodwill helped him find his job], [Activity Robert has learned to thoroughly clean a motel room in about 40 minutes]."
Taking_time,The [Attribute [Targe]t rapid][Activity changes in Eastern Europe][Time towards the end of 1989]began to culminate in independent calls for foreign troop withdrawals from the countries concerned .
Taking_time,"Second , the political response to a [Attribute [Targe]t rapid][Activity deterioration in the economy]implies a greater probability of a coup d'état or a battening down of the hatches by the government ."
Taking_time,The [Degree very][Attribute [Targe]t rapid][Activity expansion of the education system]has left support systems running to catch up .
Taking_time,"Taking the game in 1986 , Lea-Anna 's first handicap was 36 , but [Activity her progression]has been [Degree extremely][Attribute [Targe]t rapid]and she is currently playing off 15 ."
Taking_time,"If in Japan the railway symbolized [Agent the country 's][Attribute [Targe]t rapid][Activity response to Western power and influence], Chinese resistance to the West was characterized by an often violent antipathy to railways ."
Taking_time,"The staccato of the oboe is very telling , and [Degree fairly][Attribute [Targe]t rapid][Activity reiteration]is within its powers ."
Taking_time,"More importantly , few coins of the house of Theodosius have been recorded , indicating a [Degree fairly][Attribute [Targe]t rapid][Activity end to the occupation]."
Taking_time,"The German and Italian support restored the strength of the rebels and was eventually decisive , while Soviet intervention led to a [Attribute [Targe]t rapid][Activity expansion of the previously weak Spanish Communist Party]."
Taking_time,A shortage of jobs for young researchers is partly responsible -- but another important factor is the [Degree too][Attribute [Targe]t rapid][Activity expansion of the universities]
Taking_time,[Activity Westward extension]was [Attribute [Targe]t rapid]until the formation of the main group of laterals round the House Hills ( 2-4 on Fig. 8.22 ) .
Taking_time,These findings indicate that nociceptive neurones control mechanisms of defence against acute injury but are not required for [Attribute [Targe]t rapid][Activity repair of injured mucosa].
Taking_time,"ets- 1 , ets- 2 and ese- 1 / esx . Smad 7 was of particular interest as it belongs to the inhibitory Smads , which can counteract TGF?-induced gene activation [ 23 ] . [Activity The response of the smad 7 gene to TGF?]is [Degree unusually][Attribute [Targe]t rapid][ 24 ] which is believed to stem from the peculiar nature of the Smad 7 promoter that contains a "" perfect "" Smad binding site [ 25 ] . Another inhibitory Smad protein is Smad 6 ."
Taking_time,"Irrespective of the upstream mechanism of FFA and CD 36 interaction , our results demonstrate [Degree very][Attribute [Targe]t rapid][Activity activation of a well-characterized intracellular kinase cascade of proapoptotic signaling]."
Taking_time,The advent of [Attribute [Targe]t rapid][Activity tests for diagnosing HIV infection]represents one part of the solution .
Taking_time,Its high rate of return combined with its increasing share of total investment meant that information technology has been a major contributor to the [Attribute [Targe]t rapid][Activity economic growth][Duration since 1995].
Taking_time,"In fact , a supplier that attempts to provide [Attribute [Targe]t rapid][Activity replenishment]without any other innovations may end up performing poorly from the perspective of its retail customers ."
Taking_time,"[Activity The ERCA amplification reaction]is [Attribute [Targe]t rapid], generating signal in as little as 10 minutes , and is incubated at a single temperature ."
Taking_time,"[Activity This response]was [Attribute [Targe]t rapid], occurring within 0 . 5 hours of endotoxin administration , and biphasic ."
Taking_time,"[Activity The reaction of F 158 A with nitrocefin]was [Degree so][Attribute [Targe]t rapid], we could not determine a K S value for this mutant ."
Taking_time,"In Europe people had time to contemplate the area before settling on an appropriate name ; in the United States , where [Activity settlement]was [Degree more][Attribute [Targe]t rapid], names often had to be chosen without delay ."
Taking_time,"The RAPD technique [ 9 10 ] , provides a convenient and [Target rapid][Activity assessment of the differences in the genetic composition of the related individuals]and has been employed in a large number of plants for the determination and assessment of genetic diversity ."
Taking_time,"Partly as a result of the shortcomings in the Nuclear Non - Proliferation Treaty ( NPT ) safeguards system -- which allowed the [Target rapid][Activity development of the Iraqi nuclear program in the 1970s and North Korea 's in the 1990s]to go largely undetected -- and partly by assessing Iran 's intentions , the international community and the International Atomic Energy Agency ( IAEA ) have increased their scrutiny of Iran 's activities over the last several years ."
Taking_time,"Although in 88 b.c. , Mithradates made a [Target swift]and successful [Activity raid from the East across Asia Minor and the Aegean Islands], the next major power change brought influence from the West ."
Taking_time,"But because these claims are more difficult to evaluate and have been [Activity coming in][Degree more][Target slowly], the company has no estimate of the impact of the earthquake on fourth - quarter results ."
Taking_time,"Although the islands saw little action , as the war went on they could see that [Agent Athens]was [Target slowly][Activity losing its power]."
Taking_time,"As corporations moved in and [Activity the mob was][Target slowly][Activity pushed out], a new Las Vegas emerged ."
Taking_time,Fossils tell an obscure story of [Agent man 's][Target slow]and sporadic [Activity development].
Taking_time,Both young and old go through ballet - like movements in [Target slow][Activity motion]to discipline the mind and body .
Taking_time,"[Activity The Greek Hellenistic Empire]was [Target gradually], and peacefully , [Activity absorbed into the Roman Empire]."
Taking_time,[Activity It][Target quickly][Activity spread to the first floor where the main bathroom was destroyed].
